--
-- PostgreSQL database dump
--

-- Dumped from database version 16.9
-- Dumped by pg_dump version 16.5

SET statement_timeout = 0;
SET lock_timeout = 0;
SET idle_in_transaction_session_timeout = 0;
SET client_encoding = 'UTF8';
SET standard_conforming_strings = on;
SELECT pg_catalog.set_config('search_path', '', false);
SET check_function_bodies = false;
SET xmloption = content;
SET client_min_messages = warning;
SET row_security = off;

SET default_tablespace = '';

SET default_table_access_method = heap;

--
-- Name: auth_group; Type: TABLE; Schema: public; Owner: neondb_owner
--

CREATE TABLE public.auth_group (
    id integer NOT NULL,
    name character varying(150) NOT NULL
);


ALTER TABLE public.auth_group OWNER TO neondb_owner;

--
-- Name: auth_group_id_seq; Type: SEQUENCE; Schema: public; Owner: neondb_owner
--

ALTER TABLE public.auth_group ALTER COLUMN id ADD GENERATED BY DEFAULT AS IDENTITY (
    SEQUENCE NAME public.auth_group_id_seq
    START WITH 1
    INCREMENT BY 1
    NO MINVALUE
    NO MAXVALUE
    CACHE 1
);


--
-- Name: auth_group_permissions; Type: TABLE; Schema: public; Owner: neondb_owner
--

CREATE TABLE public.auth_group_permissions (
    id bigint NOT NULL,
    group_id integer NOT NULL,
    permission_id integer NOT NULL
);


ALTER TABLE public.auth_group_permissions OWNER TO neondb_owner;

--
-- Name: auth_group_permissions_id_seq; Type: SEQUENCE; Schema: public; Owner: neondb_owner
--

ALTER TABLE public.auth_group_permissions ALTER COLUMN id ADD GENERATED BY DEFAULT AS IDENTITY (
    SEQUENCE NAME public.auth_group_permissions_id_seq
    START WITH 1
    INCREMENT BY 1
    NO MINVALUE
    NO MAXVALUE
    CACHE 1
);


--
-- Name: auth_permission; Type: TABLE; Schema: public; Owner: neondb_owner
--

CREATE TABLE public.auth_permission (
    id integer NOT NULL,
    name character varying(255) NOT NULL,
    content_type_id integer NOT NULL,
    codename character varying(100) NOT NULL
);


ALTER TABLE public.auth_permission OWNER TO neondb_owner;

--
-- Name: auth_permission_id_seq; Type: SEQUENCE; Schema: public; Owner: neondb_owner
--

ALTER TABLE public.auth_permission ALTER COLUMN id ADD GENERATED BY DEFAULT AS IDENTITY (
    SEQUENCE NAME public.auth_permission_id_seq
    START WITH 1
    INCREMENT BY 1
    NO MINVALUE
    NO MAXVALUE
    CACHE 1
);


--
-- Name: django_admin_log; Type: TABLE; Schema: public; Owner: neondb_owner
--

CREATE TABLE public.django_admin_log (
    id integer NOT NULL,
    action_time timestamp with time zone NOT NULL,
    object_id text,
    object_repr character varying(200) NOT NULL,
    action_flag smallint NOT NULL,
    change_message text NOT NULL,
    content_type_id integer,
    user_id bigint NOT NULL,
    CONSTRAINT django_admin_log_action_flag_check CHECK ((action_flag >= 0))
);


ALTER TABLE public.django_admin_log OWNER TO neondb_owner;

--
-- Name: django_admin_log_id_seq; Type: SEQUENCE; Schema: public; Owner: neondb_owner
--

ALTER TABLE public.django_admin_log ALTER COLUMN id ADD GENERATED BY DEFAULT AS IDENTITY (
    SEQUENCE NAME public.django_admin_log_id_seq
    START WITH 1
    INCREMENT BY 1
    NO MINVALUE
    NO MAXVALUE
    CACHE 1
);


--
-- Name: django_content_type; Type: TABLE; Schema: public; Owner: neondb_owner
--

CREATE TABLE public.django_content_type (
    id integer NOT NULL,
    app_label character varying(100) NOT NULL,
    model character varying(100) NOT NULL
);


ALTER TABLE public.django_content_type OWNER TO neondb_owner;

--
-- Name: django_content_type_id_seq; Type: SEQUENCE; Schema: public; Owner: neondb_owner
--

ALTER TABLE public.django_content_type ALTER COLUMN id ADD GENERATED BY DEFAULT AS IDENTITY (
    SEQUENCE NAME public.django_content_type_id_seq
    START WITH 1
    INCREMENT BY 1
    NO MINVALUE
    NO MAXVALUE
    CACHE 1
);


--
-- Name: django_migrations; Type: TABLE; Schema: public; Owner: neondb_owner
--

CREATE TABLE public.django_migrations (
    id bigint NOT NULL,
    app character varying(255) NOT NULL,
    name character varying(255) NOT NULL,
    applied timestamp with time zone NOT NULL
);


ALTER TABLE public.django_migrations OWNER TO neondb_owner;

--
-- Name: django_migrations_id_seq; Type: SEQUENCE; Schema: public; Owner: neondb_owner
--

ALTER TABLE public.django_migrations ALTER COLUMN id ADD GENERATED BY DEFAULT AS IDENTITY (
    SEQUENCE NAME public.django_migrations_id_seq
    START WITH 1
    INCREMENT BY 1
    NO MINVALUE
    NO MAXVALUE
    CACHE 1
);


--
-- Name: django_session; Type: TABLE; Schema: public; Owner: neondb_owner
--

CREATE TABLE public.django_session (
    session_key character varying(40) NOT NULL,
    session_data text NOT NULL,
    expire_date timestamp with time zone NOT NULL
);


ALTER TABLE public.django_session OWNER TO neondb_owner;

--
-- Name: drivers; Type: TABLE; Schema: public; Owner: neondb_owner
--

CREATE TABLE public.drivers (
    id integer NOT NULL,
    user_id integer NOT NULL,
    fleet_owner_id integer,
    license_number character varying,
    vehicle_number character varying,
    is_active boolean DEFAULT true,
    current_location jsonb,
    created_at timestamp without time zone DEFAULT now()
);


ALTER TABLE public.drivers OWNER TO neondb_owner;

--
-- Name: drivers_id_seq; Type: SEQUENCE; Schema: public; Owner: neondb_owner
--

CREATE SEQUENCE public.drivers_id_seq
    AS integer
    START WITH 1
    INCREMENT BY 1
    NO MINVALUE
    NO MAXVALUE
    CACHE 1;


ALTER SEQUENCE public.drivers_id_seq OWNER TO neondb_owner;

--
-- Name: drivers_id_seq; Type: SEQUENCE OWNED BY; Schema: public; Owner: neondb_owner
--

ALTER SEQUENCE public.drivers_id_seq OWNED BY public.drivers.id;


--
-- Name: expenses; Type: TABLE; Schema: public; Owner: neondb_owner
--

CREATE TABLE public.expenses (
    id integer NOT NULL,
    trip_id integer NOT NULL,
    driver_id integer NOT NULL,
    type character varying NOT NULL,
    amount numeric(10,2) NOT NULL,
    description text,
    receipt_url character varying,
    status character varying DEFAULT 'pending'::character varying,
    created_at timestamp without time zone DEFAULT now()
);


ALTER TABLE public.expenses OWNER TO neondb_owner;

--
-- Name: expenses_id_seq; Type: SEQUENCE; Schema: public; Owner: neondb_owner
--

CREATE SEQUENCE public.expenses_id_seq
    AS integer
    START WITH 1
    INCREMENT BY 1
    NO MINVALUE
    NO MAXVALUE
    CACHE 1;


ALTER SEQUENCE public.expenses_id_seq OWNER TO neondb_owner;

--
-- Name: expenses_id_seq; Type: SEQUENCE OWNED BY; Schema: public; Owner: neondb_owner
--

ALTER SEQUENCE public.expenses_id_seq OWNED BY public.expenses.id;


--
-- Name: fleet_driver; Type: TABLE; Schema: public; Owner: neondb_owner
--

CREATE TABLE public.fleet_driver (
    id bigint NOT NULL,
    license_number character varying(50),
    vehicle_number character varying(20),
    is_active boolean NOT NULL,
    current_location jsonb,
    created_at timestamp with time zone NOT NULL,
    updated_at timestamp with time zone NOT NULL,
    user_id bigint NOT NULL,
    fleet_owner_id bigint
);


ALTER TABLE public.fleet_driver OWNER TO neondb_owner;

--
-- Name: fleet_driver_id_seq; Type: SEQUENCE; Schema: public; Owner: neondb_owner
--

ALTER TABLE public.fleet_driver ALTER COLUMN id ADD GENERATED BY DEFAULT AS IDENTITY (
    SEQUENCE NAME public.fleet_driver_id_seq
    START WITH 1
    INCREMENT BY 1
    NO MINVALUE
    NO MAXVALUE
    CACHE 1
);


--
-- Name: fleet_expense; Type: TABLE; Schema: public; Owner: neondb_owner
--

CREATE TABLE public.fleet_expense (
    id bigint NOT NULL,
    amount numeric(10,2) NOT NULL,
    type character varying(20) NOT NULL,
    description text NOT NULL,
    receipt_url character varying(200),
    created_at timestamp with time zone NOT NULL,
    updated_at timestamp with time zone NOT NULL,
    user_id bigint NOT NULL,
    trip_id bigint
);


ALTER TABLE public.fleet_expense OWNER TO neondb_owner;

--
-- Name: fleet_expense_id_seq; Type: SEQUENCE; Schema: public; Owner: neondb_owner
--

ALTER TABLE public.fleet_expense ALTER COLUMN id ADD GENERATED BY DEFAULT AS IDENTITY (
    SEQUENCE NAME public.fleet_expense_id_seq
    START WITH 1
    INCREMENT BY 1
    NO MINVALUE
    NO MAXVALUE
    CACHE 1
);


--
-- Name: fleet_fleetowner; Type: TABLE; Schema: public; Owner: neondb_owner
--

CREATE TABLE public.fleet_fleetowner (
    id bigint NOT NULL,
    company_name character varying(255),
    km_balance numeric(10,2) NOT NULL,
    prepaid_balance numeric(10,2) NOT NULL,
    created_at timestamp with time zone NOT NULL,
    updated_at timestamp with time zone NOT NULL,
    user_id bigint NOT NULL
);


ALTER TABLE public.fleet_fleetowner OWNER TO neondb_owner;

--
-- Name: fleet_fleetowner_id_seq; Type: SEQUENCE; Schema: public; Owner: neondb_owner
--

ALTER TABLE public.fleet_fleetowner ALTER COLUMN id ADD GENERATED BY DEFAULT AS IDENTITY (
    SEQUENCE NAME public.fleet_fleetowner_id_seq
    START WITH 1
    INCREMENT BY 1
    NO MINVALUE
    NO MAXVALUE
    CACHE 1
);


--
-- Name: fleet_fuelprice; Type: TABLE; Schema: public; Owner: neondb_owner
--

CREATE TABLE public.fleet_fuelprice (
    id bigint NOT NULL,
    price_per_liter numeric(6,2) NOT NULL,
    effective_date timestamp with time zone NOT NULL
);


ALTER TABLE public.fleet_fuelprice OWNER TO neondb_owner;

--
-- Name: fleet_fuelprice_id_seq; Type: SEQUENCE; Schema: public; Owner: neondb_owner
--

ALTER TABLE public.fleet_fuelprice ALTER COLUMN id ADD GENERATED BY DEFAULT AS IDENTITY (
    SEQUENCE NAME public.fleet_fuelprice_id_seq
    START WITH 1
    INCREMENT BY 1
    NO MINVALUE
    NO MAXVALUE
    CACHE 1
);


--
-- Name: fleet_jobapplication; Type: TABLE; Schema: public; Owner: neondb_owner
--

CREATE TABLE public.fleet_jobapplication (
    id bigint NOT NULL,
    cover_letter text,
    status character varying(20) NOT NULL,
    applied_at timestamp with time zone NOT NULL,
    reviewed_at timestamp with time zone,
    driver_id bigint NOT NULL,
    job_posting_id bigint NOT NULL
);


ALTER TABLE public.fleet_jobapplication OWNER TO neondb_owner;

--
-- Name: fleet_jobapplication_id_seq; Type: SEQUENCE; Schema: public; Owner: neondb_owner
--

ALTER TABLE public.fleet_jobapplication ALTER COLUMN id ADD GENERATED BY DEFAULT AS IDENTITY (
    SEQUENCE NAME public.fleet_jobapplication_id_seq
    START WITH 1
    INCREMENT BY 1
    NO MINVALUE
    NO MAXVALUE
    CACHE 1
);


--
-- Name: fleet_jobposting; Type: TABLE; Schema: public; Owner: neondb_owner
--

CREATE TABLE public.fleet_jobposting (
    id bigint NOT NULL,
    fleet_owner_id bigint NOT NULL,
    title character varying(200) NOT NULL,
    origin character varying(255) NOT NULL,
    destination character varying(255) NOT NULL,
    distance numeric(8,2) NOT NULL,
    estimated_cost numeric(10,2) NOT NULL,
    requirements text,
    status character varying(20) DEFAULT 'available'::character varying,
    created_at timestamp with time zone DEFAULT now(),
    expires_at timestamp with time zone NOT NULL
);


ALTER TABLE public.fleet_jobposting OWNER TO neondb_owner;

--
-- Name: fleet_jobposting_id_seq; Type: SEQUENCE; Schema: public; Owner: neondb_owner
--

CREATE SEQUENCE public.fleet_jobposting_id_seq
    START WITH 1
    INCREMENT BY 1
    NO MINVALUE
    NO MAXVALUE
    CACHE 1;


ALTER SEQUENCE public.fleet_jobposting_id_seq OWNER TO neondb_owner;

--
-- Name: fleet_jobposting_id_seq; Type: SEQUENCE OWNED BY; Schema: public; Owner: neondb_owner
--

ALTER SEQUENCE public.fleet_jobposting_id_seq OWNED BY public.fleet_jobposting.id;


--
-- Name: fleet_notification; Type: TABLE; Schema: public; Owner: neondb_owner
--

CREATE TABLE public.fleet_notification (
    id bigint NOT NULL,
    title character varying(255) NOT NULL,
    message text NOT NULL,
    is_read boolean NOT NULL,
    created_at timestamp with time zone NOT NULL,
    user_id bigint NOT NULL
);


ALTER TABLE public.fleet_notification OWNER TO neondb_owner;

--
-- Name: fleet_notification_id_seq; Type: SEQUENCE; Schema: public; Owner: neondb_owner
--

ALTER TABLE public.fleet_notification ALTER COLUMN id ADD GENERATED BY DEFAULT AS IDENTITY (
    SEQUENCE NAME public.fleet_notification_id_seq
    START WITH 1
    INCREMENT BY 1
    NO MINVALUE
    NO MAXVALUE
    CACHE 1
);


--
-- Name: fleet_owners; Type: TABLE; Schema: public; Owner: neondb_owner
--

CREATE TABLE public.fleet_owners (
    id integer NOT NULL,
    user_id integer NOT NULL,
    company_name character varying,
    prepaid_balance numeric(10,2) DEFAULT '0'::numeric,
    km_balance integer DEFAULT 0,
    created_at timestamp without time zone DEFAULT now()
);


ALTER TABLE public.fleet_owners OWNER TO neondb_owner;

--
-- Name: fleet_owners_id_seq; Type: SEQUENCE; Schema: public; Owner: neondb_owner
--

CREATE SEQUENCE public.fleet_owners_id_seq
    AS integer
    START WITH 1
    INCREMENT BY 1
    NO MINVALUE
    NO MAXVALUE
    CACHE 1;


ALTER SEQUENCE public.fleet_owners_id_seq OWNER TO neondb_owner;

--
-- Name: fleet_owners_id_seq; Type: SEQUENCE OWNED BY; Schema: public; Owner: neondb_owner
--

ALTER SEQUENCE public.fleet_owners_id_seq OWNED BY public.fleet_owners.id;


--
-- Name: fleet_paymentrequest; Type: TABLE; Schema: public; Owner: neondb_owner
--

CREATE TABLE public.fleet_paymentrequest (
    id bigint NOT NULL,
    amount numeric(10,2) NOT NULL,
    type character varying(20) NOT NULL,
    description text NOT NULL,
    receipt_url character varying(200),
    status character varying(20) NOT NULL,
    requested_at timestamp with time zone NOT NULL,
    reviewed_at timestamp with time zone,
    review_comments text,
    driver_id bigint NOT NULL,
    reviewed_by_id bigint,
    trip_id bigint
);


ALTER TABLE public.fleet_paymentrequest OWNER TO neondb_owner;

--
-- Name: fleet_paymentrequest_id_seq; Type: SEQUENCE; Schema: public; Owner: neondb_owner
--

ALTER TABLE public.fleet_paymentrequest ALTER COLUMN id ADD GENERATED BY DEFAULT AS IDENTITY (
    SEQUENCE NAME public.fleet_paymentrequest_id_seq
    START WITH 1
    INCREMENT BY 1
    NO MINVALUE
    NO MAXVALUE
    CACHE 1
);


--
-- Name: fleet_pricingsetting; Type: TABLE; Schema: public; Owner: neondb_owner
--

CREATE TABLE public.fleet_pricingsetting (
    id bigint NOT NULL,
    base_rate_per_km numeric(6,2) NOT NULL,
    fuel_surcharge numeric(4,2) NOT NULL,
    driver_cost_multiplier numeric(4,2) NOT NULL,
    updated_at timestamp with time zone NOT NULL
);


ALTER TABLE public.fleet_pricingsetting OWNER TO neondb_owner;

--
-- Name: fleet_pricingsetting_id_seq; Type: SEQUENCE; Schema: public; Owner: neondb_owner
--

ALTER TABLE public.fleet_pricingsetting ALTER COLUMN id ADD GENERATED BY DEFAULT AS IDENTITY (
    SEQUENCE NAME public.fleet_pricingsetting_id_seq
    START WITH 1
    INCREMENT BY 1
    NO MINVALUE
    NO MAXVALUE
    CACHE 1
);


--
-- Name: fleet_trip; Type: TABLE; Schema: public; Owner: neondb_owner
--

CREATE TABLE public.fleet_trip (
    id bigint NOT NULL,
    origin character varying(255) NOT NULL,
    destination character varying(255) NOT NULL,
    distance numeric(8,2),
    estimated_cost numeric(10,2),
    actual_cost numeric(10,2),
    status character varying(20) NOT NULL,
    start_time timestamp with time zone,
    end_time timestamp with time zone,
    created_at timestamp with time zone NOT NULL,
    updated_at timestamp with time zone NOT NULL,
    driver_id bigint,
    fleet_owner_id bigint NOT NULL,
    vehicle_id bigint
);


ALTER TABLE public.fleet_trip OWNER TO neondb_owner;

--
-- Name: fleet_trip_id_seq; Type: SEQUENCE; Schema: public; Owner: neondb_owner
--

ALTER TABLE public.fleet_trip ALTER COLUMN id ADD GENERATED BY DEFAULT AS IDENTITY (
    SEQUENCE NAME public.fleet_trip_id_seq
    START WITH 1
    INCREMENT BY 1
    NO MINVALUE
    NO MAXVALUE
    CACHE 1
);


--
-- Name: fleet_truckspecification; Type: TABLE; Schema: public; Owner: neondb_owner
--

CREATE TABLE public.fleet_truckspecification (
    id integer NOT NULL,
    truck_type character varying(100) NOT NULL,
    gw integer NOT NULL,
    net_weight integer NOT NULL,
    avg_kmpl numeric(5,2) NOT NULL,
    driver_salary numeric(10,2) NOT NULL,
    distance_traveled integer NOT NULL,
    en_route_expenses numeric(5,2) DEFAULT 2.0,
    is_active boolean DEFAULT true,
    created_at timestamp with time zone DEFAULT now(),
    updated_at timestamp with time zone DEFAULT now()
);


ALTER TABLE public.fleet_truckspecification OWNER TO neondb_owner;

--
-- Name: fleet_truckspecification_id_seq; Type: SEQUENCE; Schema: public; Owner: neondb_owner
--

CREATE SEQUENCE public.fleet_truckspecification_id_seq
    AS integer
    START WITH 1
    INCREMENT BY 1
    NO MINVALUE
    NO MAXVALUE
    CACHE 1;


ALTER SEQUENCE public.fleet_truckspecification_id_seq OWNER TO neondb_owner;

--
-- Name: fleet_truckspecification_id_seq; Type: SEQUENCE OWNED BY; Schema: public; Owner: neondb_owner
--

ALTER SEQUENCE public.fleet_truckspecification_id_seq OWNED BY public.fleet_truckspecification.id;


--
-- Name: fleet_user; Type: TABLE; Schema: public; Owner: neondb_owner
--

CREATE TABLE public.fleet_user (
    id bigint NOT NULL,
    password character varying(128) NOT NULL,
    last_login timestamp with time zone,
    is_superuser boolean NOT NULL,
    username character varying(150) NOT NULL,
    first_name character varying(150) NOT NULL,
    last_name character varying(150) NOT NULL,
    is_staff boolean NOT NULL,
    date_joined timestamp with time zone NOT NULL,
    email character varying(254),
    phone character varying(20),
    role character varying(20) NOT NULL,
    is_active boolean NOT NULL,
    created_at timestamp with time zone NOT NULL,
    updated_at timestamp with time zone NOT NULL
);


ALTER TABLE public.fleet_user OWNER TO neondb_owner;

--
-- Name: fleet_user_groups; Type: TABLE; Schema: public; Owner: neondb_owner
--

CREATE TABLE public.fleet_user_groups (
    id bigint NOT NULL,
    user_id bigint NOT NULL,
    group_id integer NOT NULL
);


ALTER TABLE public.fleet_user_groups OWNER TO neondb_owner;

--
-- Name: fleet_user_groups_id_seq; Type: SEQUENCE; Schema: public; Owner: neondb_owner
--

ALTER TABLE public.fleet_user_groups ALTER COLUMN id ADD GENERATED BY DEFAULT AS IDENTITY (
    SEQUENCE NAME public.fleet_user_groups_id_seq
    START WITH 1
    INCREMENT BY 1
    NO MINVALUE
    NO MAXVALUE
    CACHE 1
);


--
-- Name: fleet_user_id_seq; Type: SEQUENCE; Schema: public; Owner: neondb_owner
--

ALTER TABLE public.fleet_user ALTER COLUMN id ADD GENERATED BY DEFAULT AS IDENTITY (
    SEQUENCE NAME public.fleet_user_id_seq
    START WITH 1
    INCREMENT BY 1
    NO MINVALUE
    NO MAXVALUE
    CACHE 1
);


--
-- Name: fleet_user_user_permissions; Type: TABLE; Schema: public; Owner: neondb_owner
--

CREATE TABLE public.fleet_user_user_permissions (
    id bigint NOT NULL,
    user_id bigint NOT NULL,
    permission_id integer NOT NULL
);


ALTER TABLE public.fleet_user_user_permissions OWNER TO neondb_owner;

--
-- Name: fleet_user_user_permissions_id_seq; Type: SEQUENCE; Schema: public; Owner: neondb_owner
--

ALTER TABLE public.fleet_user_user_permissions ALTER COLUMN id ADD GENERATED BY DEFAULT AS IDENTITY (
    SEQUENCE NAME public.fleet_user_user_permissions_id_seq
    START WITH 1
    INCREMENT BY 1
    NO MINVALUE
    NO MAXVALUE
    CACHE 1
);


--
-- Name: fleet_vehicle; Type: TABLE; Schema: public; Owner: neondb_owner
--

CREATE TABLE public.fleet_vehicle (
    id bigint NOT NULL,
    vehicle_number character varying(20) NOT NULL,
    model character varying(100) NOT NULL,
    capacity numeric(8,2) NOT NULL,
    fuel_type character varying(20) NOT NULL,
    status character varying(20) NOT NULL,
    current_location jsonb,
    created_at timestamp with time zone NOT NULL,
    updated_at timestamp with time zone NOT NULL,
    fleet_owner_id bigint NOT NULL
);


ALTER TABLE public.fleet_vehicle OWNER TO neondb_owner;

--
-- Name: fleet_vehicle_id_seq; Type: SEQUENCE; Schema: public; Owner: neondb_owner
--

ALTER TABLE public.fleet_vehicle ALTER COLUMN id ADD GENERATED BY DEFAULT AS IDENTITY (
    SEQUENCE NAME public.fleet_vehicle_id_seq
    START WITH 1
    INCREMENT BY 1
    NO MINVALUE
    NO MAXVALUE
    CACHE 1
);


--
-- Name: fuel_prices; Type: TABLE; Schema: public; Owner: neondb_owner
--

CREATE TABLE public.fuel_prices (
    id integer NOT NULL,
    price_per_liter numeric(10,2) NOT NULL,
    location character varying,
    updated_at timestamp without time zone DEFAULT now()
);


ALTER TABLE public.fuel_prices OWNER TO neondb_owner;

--
-- Name: fuel_prices_id_seq; Type: SEQUENCE; Schema: public; Owner: neondb_owner
--

CREATE SEQUENCE public.fuel_prices_id_seq
    AS integer
    START WITH 1
    INCREMENT BY 1
    NO MINVALUE
    NO MAXVALUE
    CACHE 1;


ALTER SEQUENCE public.fuel_prices_id_seq OWNER TO neondb_owner;

--
-- Name: fuel_prices_id_seq; Type: SEQUENCE OWNED BY; Schema: public; Owner: neondb_owner
--

ALTER SEQUENCE public.fuel_prices_id_seq OWNED BY public.fuel_prices.id;


--
-- Name: job_applications; Type: TABLE; Schema: public; Owner: neondb_owner
--

CREATE TABLE public.job_applications (
    id integer NOT NULL,
    job_id integer NOT NULL,
    driver_id integer NOT NULL,
    status character varying(50) DEFAULT 'pending'::character varying,
    applied_at timestamp without time zone DEFAULT now(),
    message text,
    created_at timestamp without time zone DEFAULT now()
);


ALTER TABLE public.job_applications OWNER TO neondb_owner;

--
-- Name: job_applications_id_seq; Type: SEQUENCE; Schema: public; Owner: neondb_owner
--

CREATE SEQUENCE public.job_applications_id_seq
    AS integer
    START WITH 1
    INCREMENT BY 1
    NO MINVALUE
    NO MAXVALUE
    CACHE 1;


ALTER SEQUENCE public.job_applications_id_seq OWNER TO neondb_owner;

--
-- Name: job_applications_id_seq; Type: SEQUENCE OWNED BY; Schema: public; Owner: neondb_owner
--

ALTER SEQUENCE public.job_applications_id_seq OWNED BY public.job_applications.id;


--
-- Name: job_postings; Type: TABLE; Schema: public; Owner: neondb_owner
--

CREATE TABLE public.job_postings (
    id integer NOT NULL,
    fleet_owner_id integer NOT NULL,
    origin character varying(255) NOT NULL,
    destination character varying(255) NOT NULL,
    distance integer NOT NULL,
    truck_type character varying(100) NOT NULL,
    driver_type character varying(50) NOT NULL,
    payment_amount numeric(10,2) NOT NULL,
    estimated_duration character varying(50) NOT NULL,
    status character varying(50) DEFAULT 'open'::character varying,
    deadline timestamp without time zone NOT NULL,
    requirements text,
    contact_info character varying(255),
    posted_at timestamp without time zone DEFAULT now(),
    created_at timestamp without time zone DEFAULT now(),
    updated_at timestamp without time zone DEFAULT now()
);


ALTER TABLE public.job_postings OWNER TO neondb_owner;

--
-- Name: job_postings_id_seq; Type: SEQUENCE; Schema: public; Owner: neondb_owner
--

CREATE SEQUENCE public.job_postings_id_seq
    AS integer
    START WITH 1
    INCREMENT BY 1
    NO MINVALUE
    NO MAXVALUE
    CACHE 1;


ALTER SEQUENCE public.job_postings_id_seq OWNER TO neondb_owner;

--
-- Name: job_postings_id_seq; Type: SEQUENCE OWNED BY; Schema: public; Owner: neondb_owner
--

ALTER SEQUENCE public.job_postings_id_seq OWNED BY public.job_postings.id;


--
-- Name: notifications; Type: TABLE; Schema: public; Owner: neondb_owner
--

CREATE TABLE public.notifications (
    id integer NOT NULL,
    user_id integer NOT NULL,
    title character varying NOT NULL,
    message text NOT NULL,
    type character varying NOT NULL,
    is_read boolean DEFAULT false,
    created_at timestamp without time zone DEFAULT now()
);


ALTER TABLE public.notifications OWNER TO neondb_owner;

--
-- Name: notifications_id_seq; Type: SEQUENCE; Schema: public; Owner: neondb_owner
--

CREATE SEQUENCE public.notifications_id_seq
    AS integer
    START WITH 1
    INCREMENT BY 1
    NO MINVALUE
    NO MAXVALUE
    CACHE 1;


ALTER SEQUENCE public.notifications_id_seq OWNER TO neondb_owner;

--
-- Name: notifications_id_seq; Type: SEQUENCE OWNED BY; Schema: public; Owner: neondb_owner
--

ALTER SEQUENCE public.notifications_id_seq OWNED BY public.notifications.id;


--
-- Name: payment_requests; Type: TABLE; Schema: public; Owner: neondb_owner
--

CREATE TABLE public.payment_requests (
    id integer NOT NULL,
    driver_id integer NOT NULL,
    trip_id integer,
    amount numeric(10,2) NOT NULL,
    type character varying(50) NOT NULL,
    description text NOT NULL,
    receipt_url character varying(500),
    status character varying(50) DEFAULT 'pending'::character varying,
    requested_at timestamp without time zone DEFAULT now(),
    reviewed_at timestamp without time zone,
    reviewed_by integer,
    review_comments text,
    created_at timestamp without time zone DEFAULT now(),
    updated_at timestamp without time zone DEFAULT now()
);


ALTER TABLE public.payment_requests OWNER TO neondb_owner;

--
-- Name: payment_requests_id_seq; Type: SEQUENCE; Schema: public; Owner: neondb_owner
--

CREATE SEQUENCE public.payment_requests_id_seq
    AS integer
    START WITH 1
    INCREMENT BY 1
    NO MINVALUE
    NO MAXVALUE
    CACHE 1;


ALTER SEQUENCE public.payment_requests_id_seq OWNER TO neondb_owner;

--
-- Name: payment_requests_id_seq; Type: SEQUENCE OWNED BY; Schema: public; Owner: neondb_owner
--

ALTER SEQUENCE public.payment_requests_id_seq OWNED BY public.payment_requests.id;


--
-- Name: pricing_settings; Type: TABLE; Schema: public; Owner: neondb_owner
--

CREATE TABLE public.pricing_settings (
    id integer NOT NULL,
    base_margin_percent numeric(5,2) DEFAULT '15'::numeric,
    driver_cost_per_km numeric(10,2) DEFAULT 4.38,
    fuel_surcharge_threshold numeric(5,2) DEFAULT '5'::numeric,
    updated_at timestamp without time zone DEFAULT now()
);


ALTER TABLE public.pricing_settings OWNER TO neondb_owner;

--
-- Name: pricing_settings_id_seq; Type: SEQUENCE; Schema: public; Owner: neondb_owner
--

CREATE SEQUENCE public.pricing_settings_id_seq
    AS integer
    START WITH 1
    INCREMENT BY 1
    NO MINVALUE
    NO MAXVALUE
    CACHE 1;


ALTER SEQUENCE public.pricing_settings_id_seq OWNER TO neondb_owner;

--
-- Name: pricing_settings_id_seq; Type: SEQUENCE OWNED BY; Schema: public; Owner: neondb_owner
--

ALTER SEQUENCE public.pricing_settings_id_seq OWNED BY public.pricing_settings.id;


--
-- Name: sessions; Type: TABLE; Schema: public; Owner: neondb_owner
--

CREATE TABLE public.sessions (
    sid character varying NOT NULL,
    sess jsonb NOT NULL,
    expire timestamp without time zone NOT NULL
);


ALTER TABLE public.sessions OWNER TO neondb_owner;

--
-- Name: trips; Type: TABLE; Schema: public; Owner: neondb_owner
--

CREATE TABLE public.trips (
    id integer NOT NULL,
    trip_id character varying NOT NULL,
    fleet_owner_id integer NOT NULL,
    driver_id integer NOT NULL,
    vehicle_id integer NOT NULL,
    from_location character varying NOT NULL,
    to_location character varying NOT NULL,
    distance integer,
    load_weight integer,
    rate_per_km numeric(10,2),
    total_cost numeric(10,2),
    toll_cost numeric(10,2),
    fuel_cost numeric(10,2),
    status character varying DEFAULT 'pending'::character varying,
    start_time timestamp without time zone,
    end_time timestamp without time zone,
    created_at timestamp without time zone DEFAULT now()
);


ALTER TABLE public.trips OWNER TO neondb_owner;

--
-- Name: trips_id_seq; Type: SEQUENCE; Schema: public; Owner: neondb_owner
--

CREATE SEQUENCE public.trips_id_seq
    AS integer
    START WITH 1
    INCREMENT BY 1
    NO MINVALUE
    NO MAXVALUE
    CACHE 1;


ALTER SEQUENCE public.trips_id_seq OWNER TO neondb_owner;

--
-- Name: trips_id_seq; Type: SEQUENCE OWNED BY; Schema: public; Owner: neondb_owner
--

ALTER SEQUENCE public.trips_id_seq OWNED BY public.trips.id;


--
-- Name: truck_specifications; Type: TABLE; Schema: public; Owner: neondb_owner
--

CREATE TABLE public.truck_specifications (
    id integer NOT NULL,
    truck_type character varying NOT NULL,
    gw integer,
    net_weight integer,
    avg numeric(4,2),
    driver_salary_pm numeric(10,2),
    distance_traveled_in_a_trip integer DEFAULT 0,
    fuel_cost numeric(10,2),
    single_driver_cost numeric(10,2),
    double_driver_cost numeric(10,2),
    en_route_expenses numeric(10,2),
    per_km_cost_single_driver numeric(10,2),
    per_km_cost_double_driver numeric(10,2),
    created_at timestamp without time zone DEFAULT now(),
    updated_at timestamp without time zone DEFAULT now()
);


ALTER TABLE public.truck_specifications OWNER TO neondb_owner;

--
-- Name: truck_specifications_id_seq; Type: SEQUENCE; Schema: public; Owner: neondb_owner
--

CREATE SEQUENCE public.truck_specifications_id_seq
    AS integer
    START WITH 1
    INCREMENT BY 1
    NO MINVALUE
    NO MAXVALUE
    CACHE 1;


ALTER SEQUENCE public.truck_specifications_id_seq OWNER TO neondb_owner;

--
-- Name: truck_specifications_id_seq; Type: SEQUENCE OWNED BY; Schema: public; Owner: neondb_owner
--

ALTER SEQUENCE public.truck_specifications_id_seq OWNED BY public.truck_specifications.id;


--
-- Name: users; Type: TABLE; Schema: public; Owner: neondb_owner
--

CREATE TABLE public.users (
    id integer NOT NULL,
    email character varying,
    phone character varying,
    first_name character varying,
    last_name character varying,
    profile_image_url character varying,
    role character varying DEFAULT 'fleet-owner'::character varying NOT NULL,
    created_at timestamp without time zone DEFAULT now(),
    updated_at timestamp without time zone DEFAULT now()
);


ALTER TABLE public.users OWNER TO neondb_owner;

--
-- Name: users_id_seq; Type: SEQUENCE; Schema: public; Owner: neondb_owner
--

CREATE SEQUENCE public.users_id_seq
    AS integer
    START WITH 1
    INCREMENT BY 1
    NO MINVALUE
    NO MAXVALUE
    CACHE 1;


ALTER SEQUENCE public.users_id_seq OWNER TO neondb_owner;

--
-- Name: users_id_seq; Type: SEQUENCE OWNED BY; Schema: public; Owner: neondb_owner
--

ALTER SEQUENCE public.users_id_seq OWNED BY public.users.id;


--
-- Name: vehicles; Type: TABLE; Schema: public; Owner: neondb_owner
--

CREATE TABLE public.vehicles (
    id integer NOT NULL,
    fleet_owner_id integer NOT NULL,
    driver_id integer,
    vehicle_number character varying NOT NULL,
    vehicle_type character varying NOT NULL,
    capacity integer,
    current_location jsonb,
    status character varying DEFAULT 'available'::character varying,
    created_at timestamp without time zone DEFAULT now()
);


ALTER TABLE public.vehicles OWNER TO neondb_owner;

--
-- Name: vehicles_id_seq; Type: SEQUENCE; Schema: public; Owner: neondb_owner
--

CREATE SEQUENCE public.vehicles_id_seq
    AS integer
    START WITH 1
    INCREMENT BY 1
    NO MINVALUE
    NO MAXVALUE
    CACHE 1;


ALTER SEQUENCE public.vehicles_id_seq OWNER TO neondb_owner;

--
-- Name: vehicles_id_seq; Type: SEQUENCE OWNED BY; Schema: public; Owner: neondb_owner
--

ALTER SEQUENCE public.vehicles_id_seq OWNED BY public.vehicles.id;


--
-- Name: drivers id; Type: DEFAULT; Schema: public; Owner: neondb_owner
--

ALTER TABLE ONLY public.drivers ALTER COLUMN id SET DEFAULT nextval('public.drivers_id_seq'::regclass);


--
-- Name: expenses id; Type: DEFAULT; Schema: public; Owner: neondb_owner
--

ALTER TABLE ONLY public.expenses ALTER COLUMN id SET DEFAULT nextval('public.expenses_id_seq'::regclass);


--
-- Name: fleet_jobposting id; Type: DEFAULT; Schema: public; Owner: neondb_owner
--

ALTER TABLE ONLY public.fleet_jobposting ALTER COLUMN id SET DEFAULT nextval('public.fleet_jobposting_id_seq'::regclass);


--
-- Name: fleet_owners id; Type: DEFAULT; Schema: public; Owner: neondb_owner
--

ALTER TABLE ONLY public.fleet_owners ALTER COLUMN id SET DEFAULT nextval('public.fleet_owners_id_seq'::regclass);


--
-- Name: fleet_truckspecification id; Type: DEFAULT; Schema: public; Owner: neondb_owner
--

ALTER TABLE ONLY public.fleet_truckspecification ALTER COLUMN id SET DEFAULT nextval('public.fleet_truckspecification_id_seq'::regclass);


--
-- Name: fuel_prices id; Type: DEFAULT; Schema: public; Owner: neondb_owner
--

ALTER TABLE ONLY public.fuel_prices ALTER COLUMN id SET DEFAULT nextval('public.fuel_prices_id_seq'::regclass);


--
-- Name: job_applications id; Type: DEFAULT; Schema: public; Owner: neondb_owner
--

ALTER TABLE ONLY public.job_applications ALTER COLUMN id SET DEFAULT nextval('public.job_applications_id_seq'::regclass);


--
-- Name: job_postings id; Type: DEFAULT; Schema: public; Owner: neondb_owner
--

ALTER TABLE ONLY public.job_postings ALTER COLUMN id SET DEFAULT nextval('public.job_postings_id_seq'::regclass);


--
-- Name: notifications id; Type: DEFAULT; Schema: public; Owner: neondb_owner
--

ALTER TABLE ONLY public.notifications ALTER COLUMN id SET DEFAULT nextval('public.notifications_id_seq'::regclass);


--
-- Name: payment_requests id; Type: DEFAULT; Schema: public; Owner: neondb_owner
--

ALTER TABLE ONLY public.payment_requests ALTER COLUMN id SET DEFAULT nextval('public.payment_requests_id_seq'::regclass);


--
-- Name: pricing_settings id; Type: DEFAULT; Schema: public; Owner: neondb_owner
--

ALTER TABLE ONLY public.pricing_settings ALTER COLUMN id SET DEFAULT nextval('public.pricing_settings_id_seq'::regclass);


--
-- Name: trips id; Type: DEFAULT; Schema: public; Owner: neondb_owner
--

ALTER TABLE ONLY public.trips ALTER COLUMN id SET DEFAULT nextval('public.trips_id_seq'::regclass);


--
-- Name: truck_specifications id; Type: DEFAULT; Schema: public; Owner: neondb_owner
--

ALTER TABLE ONLY public.truck_specifications ALTER COLUMN id SET DEFAULT nextval('public.truck_specifications_id_seq'::regclass);


--
-- Name: users id; Type: DEFAULT; Schema: public; Owner: neondb_owner
--

ALTER TABLE ONLY public.users ALTER COLUMN id SET DEFAULT nextval('public.users_id_seq'::regclass);


--
-- Name: vehicles id; Type: DEFAULT; Schema: public; Owner: neondb_owner
--

ALTER TABLE ONLY public.vehicles ALTER COLUMN id SET DEFAULT nextval('public.vehicles_id_seq'::regclass);


--
-- Data for Name: auth_group; Type: TABLE DATA; Schema: public; Owner: neondb_owner
--

COPY public.auth_group (id, name) FROM stdin;
\.


--
-- Data for Name: auth_group_permissions; Type: TABLE DATA; Schema: public; Owner: neondb_owner
--

COPY public.auth_group_permissions (id, group_id, permission_id) FROM stdin;
\.


--
-- Data for Name: auth_permission; Type: TABLE DATA; Schema: public; Owner: neondb_owner
--

COPY public.auth_permission (id, name, content_type_id, codename) FROM stdin;
1	Can add log entry	1	add_logentry
2	Can change log entry	1	change_logentry
3	Can delete log entry	1	delete_logentry
4	Can view log entry	1	view_logentry
5	Can add permission	2	add_permission
6	Can change permission	2	change_permission
7	Can delete permission	2	delete_permission
8	Can view permission	2	view_permission
9	Can add group	3	add_group
10	Can change group	3	change_group
11	Can delete group	3	delete_group
12	Can view group	3	view_group
13	Can add content type	4	add_contenttype
14	Can change content type	4	change_contenttype
15	Can delete content type	4	delete_contenttype
16	Can view content type	4	view_contenttype
17	Can add session	5	add_session
18	Can change session	5	change_session
19	Can delete session	5	delete_session
20	Can view session	5	view_session
21	Can add fuel price	6	add_fuelprice
22	Can change fuel price	6	change_fuelprice
23	Can delete fuel price	6	delete_fuelprice
24	Can view fuel price	6	view_fuelprice
25	Can add pricing setting	7	add_pricingsetting
26	Can change pricing setting	7	change_pricingsetting
27	Can delete pricing setting	7	delete_pricingsetting
28	Can view pricing setting	7	view_pricingsetting
29	Can add truck specification	8	add_truckspecification
30	Can change truck specification	8	change_truckspecification
31	Can delete truck specification	8	delete_truckspecification
32	Can view truck specification	8	view_truckspecification
33	Can add user	9	add_user
34	Can change user	9	change_user
35	Can delete user	9	delete_user
36	Can view user	9	view_user
37	Can add fleet owner	10	add_fleetowner
38	Can change fleet owner	10	change_fleetowner
39	Can delete fleet owner	10	delete_fleetowner
40	Can view fleet owner	10	view_fleetowner
41	Can add driver	11	add_driver
42	Can change driver	11	change_driver
43	Can delete driver	11	delete_driver
44	Can view driver	11	view_driver
45	Can add job posting	12	add_jobposting
46	Can change job posting	12	change_jobposting
47	Can delete job posting	12	delete_jobposting
48	Can view job posting	12	view_jobposting
49	Can add job application	13	add_jobapplication
50	Can change job application	13	change_jobapplication
51	Can delete job application	13	delete_jobapplication
52	Can view job application	13	view_jobapplication
53	Can add notification	14	add_notification
54	Can change notification	14	change_notification
55	Can delete notification	14	delete_notification
56	Can view notification	14	view_notification
57	Can add trip	15	add_trip
58	Can change trip	15	change_trip
59	Can delete trip	15	delete_trip
60	Can view trip	15	view_trip
61	Can add payment request	16	add_paymentrequest
62	Can change payment request	16	change_paymentrequest
63	Can delete payment request	16	delete_paymentrequest
64	Can view payment request	16	view_paymentrequest
65	Can add expense	17	add_expense
66	Can change expense	17	change_expense
67	Can delete expense	17	delete_expense
68	Can view expense	17	view_expense
69	Can add vehicle	18	add_vehicle
70	Can change vehicle	18	change_vehicle
71	Can delete vehicle	18	delete_vehicle
72	Can view vehicle	18	view_vehicle
\.


--
-- Data for Name: django_admin_log; Type: TABLE DATA; Schema: public; Owner: neondb_owner
--

COPY public.django_admin_log (id, action_time, object_id, object_repr, action_flag, change_message, content_type_id, user_id) FROM stdin;
\.


--
-- Data for Name: django_content_type; Type: TABLE DATA; Schema: public; Owner: neondb_owner
--

COPY public.django_content_type (id, app_label, model) FROM stdin;
1	admin	logentry
2	auth	permission
3	auth	group
4	contenttypes	contenttype
5	sessions	session
6	fleet	fuelprice
7	fleet	pricingsetting
8	fleet	truckspecification
9	fleet	user
10	fleet	fleetowner
11	fleet	driver
12	fleet	jobposting
13	fleet	jobapplication
14	fleet	notification
15	fleet	trip
16	fleet	paymentrequest
17	fleet	expense
18	fleet	vehicle
\.


--
-- Data for Name: django_migrations; Type: TABLE DATA; Schema: public; Owner: neondb_owner
--

COPY public.django_migrations (id, app, name, applied) FROM stdin;
1	contenttypes	0001_initial	2025-05-29 11:17:35.46353+00
2	contenttypes	0002_remove_content_type_name	2025-05-29 11:17:35.578384+00
3	auth	0001_initial	2025-05-29 11:17:35.933203+00
4	auth	0002_alter_permission_name_max_length	2025-05-29 11:17:35.996643+00
5	auth	0003_alter_user_email_max_length	2025-05-29 11:17:36.040768+00
6	auth	0004_alter_user_username_opts	2025-05-29 11:17:36.106017+00
7	auth	0005_alter_user_last_login_null	2025-05-29 11:17:36.170814+00
8	auth	0006_require_contenttypes_0002	2025-05-29 11:17:36.23083+00
9	auth	0007_alter_validators_add_error_messages	2025-05-29 11:17:36.296389+00
10	auth	0008_alter_user_username_max_length	2025-05-29 11:17:36.361659+00
11	auth	0009_alter_user_last_name_max_length	2025-05-29 11:17:36.425481+00
12	auth	0010_alter_group_name_max_length	2025-05-29 11:17:36.530375+00
13	auth	0011_update_proxy_permissions	2025-05-29 11:17:36.578528+00
14	auth	0012_alter_user_first_name_max_length	2025-05-29 11:17:36.643402+00
15	fleet	0001_initial	2025-05-29 11:17:38.138115+00
16	admin	0001_initial	2025-05-29 11:17:38.331186+00
17	admin	0002_logentry_remove_auto_add	2025-05-29 11:17:38.361287+00
18	admin	0003_logentry_add_action_flag_choices	2025-05-29 11:17:38.431841+00
19	sessions	0001_initial	2025-05-29 11:17:38.611496+00
20	fleet	0002_alter_paymentrequest_status	2025-05-30 08:22:36.911766+00
21	fleet	0003_notification	2025-06-02 07:21:06.907472+00
22	fleet	0004_truckspecification	2025-06-07 07:42:16.1199+00
\.


--
-- Data for Name: django_session; Type: TABLE DATA; Schema: public; Owner: neondb_owner
--

COPY public.django_session (session_key, session_data, expire_date) FROM stdin;
qepajvw5eyplh9uunas9zxnd378nlyt2	.eJxVjDsOwjAQBe_iGlnZrNd2KOk5g7X-4QCypTipEHeHSCmgfTPzXsLxtha39bS4OYqzAHH63TyHR6o7iHeutyZDq-sye7kr8qBdXltMz8vh_h0U7uVbk7HEYUQaFBIa9IqTSoZ0VtNofR4miACk2YSkNEEGjQyoA3hD1qB4fwCzDDaD:1uNoHt:dvKr9uM154pYmI8I3AmBrfhNXiN0lCRE1PE6Db9cNAo	2025-06-21 07:48:21.417712+00
svauzbzurmeyam746if9ysgv8d6gredf	.eJxVjDsOwjAQBe_iGlnZrNd2KOk5g7X-4QCypTipEHeHSCmgfTPzXsLxtha39bS4OYqzAHH63TyHR6o7iHeutyZDq-sye7kr8qBdXltMz8vh_h0U7uVbk7HEYUQaFBIa9IqTSoZ0VtNofR4miACk2YSkNEEGjQyoA3hD1qB4fwCzDDaD:1uNoLj:yyPtbWCmJEHxzgEvCzi7jCzOj2LyN8u4__h7IGS0goc	2025-06-21 07:52:19.153941+00
plw73knamgqtulzda1k4p73qun97zmt2	.eJxVjDsOwjAQBe_iGlnZrNd2KOk5g7X-4QCypTipEHeHSCmgfTPzXsLxtha39bS4OYqzAHH63TyHR6o7iHeutyZDq-sye7kr8qBdXltMz8vh_h0U7uVbk7HEYUQaFBIa9IqTSoZ0VtNofR4miACk2YSkNEEGjQyoA3hD1qB4fwCzDDaD:1uNoPT:9T2QNZ6cZC0AgRkx_39ZuXlKDVU0W7vvq3ZR-2JIgYs	2025-06-21 07:56:11.742726+00
1t6aedo5ll9gbow7gs6m2eys17zkudns	.eJxVjDsOwjAQBe_iGlnZrNd2KOk5g7X-4QCypTipEHeHSCmgfTPzXsLxtha39bS4OYqzAHH63TyHR6o7iHeutyZDq-sye7kr8qBdXltMz8vh_h0U7uVbk7HEYUQaFBIa9IqTSoZ0VtNofR4miACk2YSkNEEGjQyoA3hD1qB4fwCzDDaD:1uNoPj:6qDvxegdAYaC0uDyKJHBpBMfpW4FHgfxSoZDCTShUnI	2025-06-21 07:56:27.285457+00
ale8fpg3e6qhn9zhv0fjt451cdc2w8qo	.eJxVjDsOwjAQBe_iGlnZrNd2KOk5g7X-4QCypTipEHeHSCmgfTPzXsLxtha39bS4OYqzAHH63TyHR6o7iHeutyZDq-sye7kr8qBdXltMz8vh_h0U7uVbk7HEYUQaFBIa9IqTSoZ0VtNofR4miACk2YSkNEEGjQyoA3hD1qB4fwCzDDaD:1uNp5w:tfpJGX1Nb5dEiIDutsbfdtKVsEJ7XkS7_bx6oOH2pdo	2025-06-21 08:40:04.150874+00
9j0imfbu8ox5r2ccqbcmv04ps9t7hw4q	.eJxVjDsOwjAQBe_iGlnZrNd2KOk5g7X-4QCypTipEHeHSCmgfTPzXsLxtha39bS4OYqzAHH63TyHR6o7iHeutyZDq-sye7kr8qBdXltMz8vh_h0U7uVbk7HEYUQaFBIa9IqTSoZ0VtNofR4miACk2YSkNEEGjQyoA3hD1qB4fwCzDDaD:1uNpAU:xvxye8-cwvCG0S7kXLcFX7LBTm17Su4fd2uB3FVz9Zs	2025-06-21 08:44:46.340383+00
1s2obr52lg3j0zd3b9prcbzjfq9owucv	.eJxVjDsOwjAQBe_iGlnZrNd2KOk5g7X-4QCypTipEHeHSCmgfTPzXsLxtha39bS4OYqzAHH63TyHR6o7iHeutyZDq-sye7kr8qBdXltMz8vh_h0U7uVbk7HEYUQaFBIa9IqTSoZ0VtNofR4miACk2YSkNEEGjQyoA3hD1qB4fwCzDDaD:1uNpDO:I166D8fNiDf30LdiIz_I2sZHmEikA_zH0-dKVTGYAtc	2025-06-21 08:47:46.515745+00
dos78z870olu7oo33dqwpuon259xriow	.eJxVjDsOwjAQBe_iGlnZrNd2KOk5g7X-4QCypTipEHeHSCmgfTPzXsLxtha39bS4OYqzAHH63TyHR6o7iHeutyZDq-sye7kr8qBdXltMz8vh_h0U7uVbk7HEYUQaFBIa9IqTSoZ0VtNofR4miACk2YSkNEEGjQyoA3hD1qB4fwCzDDaD:1uNpER:909-PEIDbZXd7Io-nDHzQMo_l6-9SiL75K3RsrE8ex8	2025-06-21 08:48:51.516087+00
jo4ml29kird806i4wggpzxstu1bxensg	.eJxVjDsOwjAQBe_iGlnZrNd2KOk5g7X-4QCypTipEHeHSCmgfTPzXsLxtha39bS4OYqzAHH63TyHR6o7iHeutyZDq-sye7kr8qBdXltMz8vh_h0U7uVbk7HEYUQaFBIa9IqTSoZ0VtNofR4miACk2YSkNEEGjQyoA3hD1qB4fwCzDDaD:1uNpEv:sYwqYrYXadMwOaeeu5KKkvaZzTNOi1VfgZpyaK78fMA	2025-06-21 08:49:21.89667+00
1lisw3e2fvb7n8sq49cfkjz74wok5ofb	.eJxVjDsOwjAQBe_iGlnZrNd2KOk5g7X-4QCypTipEHeHSCmgfTPzXsLxtha39bS4OYqzAHH63TyHR6o7iHeutyZDq-sye7kr8qBdXltMz8vh_h0U7uVbk7HEYUQaFBIa9IqTSoZ0VtNofR4miACk2YSkNEEGjQyoA3hD1qB4fwCzDDaD:1uNpGJ:e2mhw9XRYKMz6PWaeuPl8sRO2PmSi2TZ3XkhbCwZdWM	2025-06-21 08:50:47.518861+00
n6pgdppqfg8pmblf24msinx2xom53rzw	.eJxVjDsOwjAQBe_iGlnZrNd2KOk5g7X-4QCypTipEHeHSCmgfTPzXsLxtha39bS4OYqzAHH63TyHR6o7iHeutyZDq-sye7kr8qBdXltMz8vh_h0U7uVbk7HEYUQaFBIa9IqTSoZ0VtNofR4miACk2YSkNEEGjQyoA3hD1qB4fwCzDDaD:1uNpGb:FnrR8EGtytEoa7T15dTLol80HuFQBmvgcOYm01jQRr8	2025-06-21 08:51:05.847738+00
gw5sytpxq0vxzma2wzhaw2b5rv5svwie	.eJxVjDsOwjAQBe_iGlnZrNd2KOk5g7X-4QCypTipEHeHSCmgfTPzXsLxtha39bS4OYqzAHH63TyHR6o7iHeutyZDq-sye7kr8qBdXltMz8vh_h0U7uVbk7HEYUQaFBIa9IqTSoZ0VtNofR4miACk2YSkNEEGjQyoA3hD1qB4fwCzDDaD:1uNpGw:R_ahDX5hqXnPqgwfPC9yK1ztXlcNtSO7oSrY_KL0J5w	2025-06-21 08:51:26.094619+00
aye0mauh79l3sz8enh60qv92r6udbmq2	.eJxVjDsOwjAQBe_iGlnZrNd2KOk5g7X-4QCypTipEHeHSCmgfTPzXsLxtha39bS4OYqzAHH63TyHR6o7iHeutyZDq-sye7kr8qBdXltMz8vh_h0U7uVbk7HEYUQaFBIa9IqTSoZ0VtNofR4miACk2YSkNEEGjQyoA3hD1qB4fwCzDDaD:1uNpHm:yfN2xEB14wL63dnO0sxkiu05KufcKkUjJRQBcNn-dzY	2025-06-21 08:52:18.956478+00
8by77tgyrbjvwaxo3lvha2ttwqrgwh1h	.eJxVjDsOwjAQBe_iGlnZrNd2KOk5g7X-4QCypTipEHeHSCmgfTPzXsLxtha39bS4OYqzAHH63TyHR6o7iHeutyZDq-sye7kr8qBdXltMz8vh_h0U7uVbk7HEYUQaFBIa9IqTSoZ0VtNofR4miACk2YSkNEEGjQyoA3hD1qB4fwCzDDaD:1uNppf:p3l6MVERyNILpEY20m282iP9aIc6dZSZBsJwzpEvpZ4	2025-06-21 09:27:19.704956+00
ojycokhlr1vsmkyckrb1hn319s55qy3a	.eJxVjDsOwjAQBe_iGlnZrNd2KOk5g7X-4QCypTipEHeHSCmgfTPzXsLxtha39bS4OYqzAHH63TyHR6o7iHeutyZDq-sye7kr8qBdXltMz8vh_h0U7uVbk7HEYUQaFBIa9IqTSoZ0VtNofR4miACk2YSkNEEGjQyoA3hD1qB4fwCzDDaD:1uPJAe:swiGFMD52-o2PrYPzTFMnyt8tru5dI6NXsCltqoTZRE	2025-06-25 10:59:04.253248+00
\.


--
-- Data for Name: drivers; Type: TABLE DATA; Schema: public; Owner: neondb_owner
--

COPY public.drivers (id, user_id, fleet_owner_id, license_number, vehicle_number, is_active, current_location, created_at) FROM stdin;
1	3	\N	DL123456789	MH01AB1234	t	\N	2025-05-27 09:55:04.03209
2	1	1	DL1234567890	MH01AB1234	t	\N	2025-05-29 10:12:33.023636
\.


--
-- Data for Name: expenses; Type: TABLE DATA; Schema: public; Owner: neondb_owner
--

COPY public.expenses (id, trip_id, driver_id, type, amount, description, receipt_url, status, created_at) FROM stdin;
\.


--
-- Data for Name: fleet_driver; Type: TABLE DATA; Schema: public; Owner: neondb_owner
--

COPY public.fleet_driver (id, license_number, vehicle_number, is_active, current_location, created_at, updated_at, user_id, fleet_owner_id) FROM stdin;
3	DL-14-20190001	MH-14-AB-1234	t	\N	2025-05-30 07:38:03.618652+00	2025-05-30 07:38:03.618677+00	2	2
4	DL-14-20190002	MH-14-CD-5678	t	\N	2025-05-30 07:38:04.163859+00	2025-05-30 07:38:04.163876+00	7	2
5	DL-14-20190003	MH-14-EF-9012	t	\N	2025-05-30 07:38:04.674962+00	2025-05-30 07:38:04.674976+00	8	2
6	DL-14-20190004	MH-14-GH-3456	t	\N	2025-05-30 07:38:05.244958+00	2025-05-30 07:38:05.244974+00	9	2
7	DL-14-20190005	MH-14-IJ-7890	t	\N	2025-05-30 07:38:05.791989+00	2025-05-30 07:38:05.792003+00	10	2
8	DL-14-20190006	MH-14-KL-2345	t	{"lat": 19.101, "lng": 72.90270000000001}	2025-05-30 08:12:13.493942+00	2025-05-30 08:12:13.493959+00	11	2
9	DL-14-20190007	MH-14-MN-6789	t	{"lat": 19.106, "lng": 72.9077}	2025-05-30 08:12:14.097545+00	2025-05-30 08:12:14.097562+00	12	2
10	DL-14-20190008	MH-14-OP-0123	t	{"lat": 19.111, "lng": 72.9127}	2025-05-30 08:12:14.653074+00	2025-05-30 08:12:14.653086+00	13	2
\.


--
-- Data for Name: fleet_expense; Type: TABLE DATA; Schema: public; Owner: neondb_owner
--

COPY public.fleet_expense (id, amount, type, description, receipt_url, created_at, updated_at, user_id, trip_id) FROM stdin;
\.


--
-- Data for Name: fleet_fleetowner; Type: TABLE DATA; Schema: public; Owner: neondb_owner
--

COPY public.fleet_fleetowner (id, company_name, km_balance, prepaid_balance, created_at, updated_at, user_id) FROM stdin;
1	SIGNO Fleet	1000.00	5000.00	2025-05-29 11:23:18.405584+00	2025-05-29 11:23:18.405597+00	1
2	Mumbai Transport Co.	10000.00	25000.00	2025-05-29 12:56:11.275987+00	2025-05-29 12:56:11.276004+00	5
3	DriveNowKM Admin	999999.00	999999.00	2025-05-30 09:38:50.858252+00	2025-05-30 09:38:50.858271+00	3
4	Test Fleet Company	10000.00	5000.00	2025-06-02 12:01:37.450517+00	2025-06-02 12:01:37.450534+00	14
\.


--
-- Data for Name: fleet_fuelprice; Type: TABLE DATA; Schema: public; Owner: neondb_owner
--

COPY public.fleet_fuelprice (id, price_per_liter, effective_date) FROM stdin;
\.


--
-- Data for Name: fleet_jobapplication; Type: TABLE DATA; Schema: public; Owner: neondb_owner
--

COPY public.fleet_jobapplication (id, cover_letter, status, applied_at, reviewed_at, driver_id, job_posting_id) FROM stdin;
\.


--
-- Data for Name: fleet_jobposting; Type: TABLE DATA; Schema: public; Owner: neondb_owner
--

COPY public.fleet_jobposting (id, fleet_owner_id, title, origin, destination, distance, estimated_cost, requirements, status, created_at, expires_at) FROM stdin;
7	2	Urgent: Mumbai to Bangalore Delivery	Mumbai	Bangalore	984.20	45000.00	Heavy vehicle license required. 3+ years experience.	available	2025-05-30 08:28:46.922971+00	2025-06-06 08:28:46.922692+00
8	2	Weekly Route: Mumbai to Goa	Mumbai	Goa	467.30	22000.00	Tourism experience preferred. Clean driving record.	available	2025-05-30 08:28:46.946732+00	2025-06-06 08:28:46.94653+00
9	2	Local Delivery: Mumbai Port to Warehouses	Mumbai Port	Multiple Warehouses	45.60	2800.00	Local area knowledge. Container handling experience.	assigned	2025-05-30 08:28:46.968048+00	2025-06-06 08:28:46.967879+00
\.


--
-- Data for Name: fleet_notification; Type: TABLE DATA; Schema: public; Owner: neondb_owner
--

COPY public.fleet_notification (id, title, message, is_read, created_at, user_id) FROM stdin;
\.


--
-- Data for Name: fleet_owners; Type: TABLE DATA; Schema: public; Owner: neondb_owner
--

COPY public.fleet_owners (id, user_id, company_name, prepaid_balance, km_balance, created_at) FROM stdin;
2	2	Demo Fleet Company	45250.00	2850	2025-05-27 09:54:34.320139
3	5	Demo Fleet Company	45250.00	2850	2025-05-27 09:57:05.968664
1	1	Demo Fleet Company	219890.00	10850	2025-05-27 09:54:23.775054
\.


--
-- Data for Name: fleet_paymentrequest; Type: TABLE DATA; Schema: public; Owner: neondb_owner
--

COPY public.fleet_paymentrequest (id, amount, type, description, receipt_url, status, requested_at, reviewed_at, review_comments, driver_id, reviewed_by_id, trip_id) FROM stdin;
10	1200.00	fuel	Fuel expenses for Mumbai-Pune trip	\N	approved	2025-05-30 08:28:46.788405+00	2025-05-28 20:28:46.787893+00	Approved for business expense	3	5	18
11	800.00	maintenance	Vehicle servicing and oil change	\N	pending	2025-05-30 08:28:46.811875+00	\N	\N	4	\N	19
12	5000.00	advance	Salary advance for family emergency	\N	approved	2025-05-30 08:28:46.832886+00	2025-05-27 20:28:46.832642+00	Approved for business expense	5	5	\N
13	650.00	other	Toll charges and parking fees	\N	approved	2025-05-30 08:28:46.8569+00	2025-05-25 20:28:46.856583+00	Approved for business expense	6	5	21
14	950.00	fuel	Diesel refill at highway pump	\N	pending	2025-05-30 08:28:46.879268+00	\N	\N	7	\N	22
15	2500.00	maintenance	Tire replacement and alignment	\N	rejected	2025-05-30 08:28:46.901582+00	2025-05-26 20:28:46.901289+00	Rejected - insufficient documentation	8	5	\N
\.


--
-- Data for Name: fleet_pricingsetting; Type: TABLE DATA; Schema: public; Owner: neondb_owner
--

COPY public.fleet_pricingsetting (id, base_rate_per_km, fuel_surcharge, driver_cost_multiplier, updated_at) FROM stdin;
\.


--
-- Data for Name: fleet_trip; Type: TABLE DATA; Schema: public; Owner: neondb_owner
--

COPY public.fleet_trip (id, origin, destination, distance, estimated_cost, actual_cost, status, start_time, end_time, created_at, updated_at, driver_id, fleet_owner_id, vehicle_id) FROM stdin;
18	Mumbai Central	Pune	148.50	8900.00	8750.00	completed	2025-05-28 08:28:46.526407+00	2025-05-28 16:28:46.526407+00	2025-05-30 08:28:46.529163+00	2025-05-30 08:28:46.529177+00	3	2	47
19	Andheri East	Nashik	165.20	9800.00	\N	in_progress	2025-05-30 08:28:46.553725+00	\N	2025-05-30 08:28:46.554055+00	2025-05-30 08:28:46.554062+00	3	2	47
20	Bandra	Aurangabad	334.70	18500.00	\N	pending	\N	\N	2025-05-30 08:28:46.574962+00	2025-05-30 08:28:46.574972+00	\N	2	\N
21	Thane	Nagpur	712.30	35600.00	35200.00	completed	2025-05-25 08:28:46.595509+00	2025-05-25 16:28:46.595509+00	2025-05-30 08:28:46.595922+00	2025-05-30 08:28:46.595934+00	3	2	47
22	Borivali	Surat	297.50	16200.00	\N	in_progress	2025-05-29 08:28:46.616633+00	\N	2025-05-30 08:28:46.616999+00	2025-05-30 08:28:46.617007+00	3	2	47
23	Goregaon	Rajkot	389.10	21000.00	\N	pending	\N	\N	2025-05-30 08:28:46.637806+00	2025-05-30 08:28:46.637814+00	\N	2	\N
24	Worli	Indore	588.90	29400.00	29100.00	completed	2025-05-23 08:28:46.660666+00	2025-05-23 16:28:46.660666+00	2025-05-30 08:28:46.661612+00	2025-05-30 08:28:46.661626+00	3	2	47
25	Powai	Solapur	456.80	24300.00	\N	pending	\N	\N	2025-05-30 08:28:46.682351+00	2025-05-30 08:28:46.682361+00	\N	2	\N
26	Malad	Ahmednagar	267.40	14800.00	14600.00	completed	2025-05-27 08:28:46.703432+00	2025-05-27 16:28:46.703432+00	2025-05-30 08:28:46.70383+00	2025-05-30 08:28:46.703841+00	5	2	49
27	Vikhroli	Kolhapur	412.60	22700.00	\N	in_progress	2025-05-30 08:28:46.724376+00	\N	2025-05-30 08:28:46.724749+00	2025-05-30 08:28:46.724759+00	6	2	50
28	Mulund	Sangli	378.20	20500.00	\N	pending	\N	\N	2025-05-30 08:28:46.745536+00	2025-05-30 08:28:46.745546+00	\N	2	\N
29	Ghatkopar	Satara	289.70	16100.00	15950.00	completed	2025-05-26 08:28:46.766766+00	2025-05-26 16:28:46.766766+00	2025-05-30 08:28:46.767268+00	2025-05-30 08:28:46.767292+00	8	2	52
30	Delhi	Bangalore	2119.00	98914.92	\N	pending	\N	\N	2025-06-02 07:07:01.57367+00	2025-06-02 07:07:01.573684+00	\N	2	\N
31	Pune	Kolkata	1857.00	65589.24	\N	pending	\N	\N	2025-06-02 12:02:43.662329+00	2025-06-02 12:02:43.662339+00	\N	4	\N
32	Jammu	Jaipur	864.00	27500.00	\N	pending	\N	\N	2025-06-02 12:08:12.722053+00	2025-06-02 12:08:12.722066+00	\N	4	\N
33	Mumbai, Maharashtra	Pune, Maharashtra	150.40	3986.29	\N	pending	\N	\N	2025-06-07 08:44:49.700699+00	2025-06-07 08:44:49.700711+00	\N	1	\N
34	Jammu	Jaipur	814.49	28768.81	\N	pending	\N	\N	2025-06-07 08:47:00.798856+00	2025-06-07 08:47:00.798864+00	\N	1	\N
35	Delhi Railway Station	Agra Cantt Railway Station	128.24	3399.05	\N	pending	\N	\N	2025-06-07 08:52:23.548261+00	2025-06-07 08:52:23.548277+00	\N	1	\N
36	Noida	Kolkata	1442.11	60414.23	\N	pending	\N	\N	2025-06-07 08:54:38.080638+00	2025-06-07 08:54:38.080648+00	\N	1	\N
\.


--
-- Data for Name: fleet_truckspecification; Type: TABLE DATA; Schema: public; Owner: neondb_owner
--

COPY public.fleet_truckspecification (id, truck_type, gw, net_weight, avg_kmpl, driver_salary, distance_traveled, en_route_expenses, is_active, created_at, updated_at) FROM stdin;
1	6 Tyre trucks OPEN	13000	7000	6.00	40000.00	7000	2.00	t	2025-06-07 07:43:51.691243+00	2025-06-07 07:43:51.691267+00
2	6 Tyre trucks CLOSED	13000	7000	6.00	40000.00	7000	2.00	t	2025-06-07 07:43:51.830777+00	2025-06-07 07:43:51.830793+00
3	6 Tyre trucks OPEN (10T)	16000	10000	5.50	40000.00	6000	2.00	t	2025-06-07 07:43:51.959356+00	2025-06-07 07:43:51.95937+00
4	6 Tyre trucks CLOSED (10T)	16000	10000	5.50	40000.00	7000	2.00	t	2025-06-07 07:43:52.086709+00	2025-06-07 07:43:52.086744+00
5	10 tyres Multi axle Truck OPEN	25000	18000	4.50	40000.00	6500	2.00	t	2025-06-07 07:43:52.211975+00	2025-06-07 07:43:52.211989+00
6	10 tyres Multi axle Truck CLOSED	25000	18000	4.50	40000.00	6500	2.00	t	2025-06-07 07:43:52.337718+00	2025-06-07 07:43:52.337732+00
7	12 Tyre Single Chassis truck Rigid OPEN	31000	25000	4.00	40000.00	7000	2.00	t	2025-06-07 07:43:52.462519+00	2025-06-07 07:43:52.462535+00
8	14 Tyre Single Chassis truck Rigid OPEN	37000	30000	3.50	40000.00	6500	2.00	t	2025-06-07 07:43:52.588936+00	2025-06-07 07:43:52.588951+00
9	14 Tyre Trailer FLAT BED	29000	22000	4.00	50000.00	6000	2.00	t	2025-06-07 07:43:52.714993+00	2025-06-07 07:43:52.715012+00
10	14 Tyre Trailer CONTAINER	29000	22000	4.00	50000.00	6000	2.00	t	2025-06-07 07:43:52.843648+00	2025-06-07 07:43:52.843665+00
11	16 Tyre Trailer FLAT BED	35000	27000	3.75	50000.00	6000	2.00	t	2025-06-07 07:43:52.970404+00	2025-06-07 07:43:52.970424+00
12	16 Tyre Trailer CONTAINER	35000	27000	3.75	50000.00	6000	2.00	t	2025-06-07 07:43:53.096753+00	2025-06-07 07:43:53.096768+00
13	18 Tyre Trailer	40200	35000	2.50	50000.00	4500	2.00	t	2025-06-07 07:43:53.232462+00	2025-06-07 07:43:53.232477+00
14	22 Tyre Trailer	49000	40000	2.25	50000.00	4500	2.00	t	2025-06-07 07:43:53.366366+00	2025-06-07 07:43:53.366387+00
\.


--
-- Data for Name: fleet_user; Type: TABLE DATA; Schema: public; Owner: neondb_owner
--

COPY public.fleet_user (id, password, last_login, is_superuser, username, first_name, last_name, is_staff, date_joined, email, phone, role, is_active, created_at, updated_at) FROM stdin;
6	pbkdf2_sha256$1000000$9qDBAhmrAa2ksG447X1gRu$uHCDH7RXHfATYwHDH6BjRxe0CDbxP0rzQbT6Q2MJmvE=	2025-06-07 06:05:32.072597+00	f	supervisor	Supervisor	Admin	f	2025-05-29 12:56:11.36121+00	supervisor@drivenowkm.com	\N	supervisor	t	2025-05-29 12:56:11.779655+00	2025-06-06 07:57:06.13463+00
3	pbkdf2_sha256$1000000$uPlUlLAu3wAdSOZcQvvCnh$NngAM6r8LwA7sOrqP7jnSIP+aLZ8eQC6koiO6djan24=	2025-06-07 06:07:52.007582+00	t	admin			t	2025-05-29 12:12:22.362662+00	admin@drivenowkm.com	\N	admin	t	2025-05-29 12:12:22.666624+00	2025-06-06 07:57:05.772649+00
2	pbkdf2_sha256$1000000$IcWI7Yq2RotCbz5evcCqGU$vuAJP8sWZMfIbiq+P33dGrnf9B67I7Sy9b/0jHwhwt8=	2025-06-07 06:10:33.3257+00	f	driver1			f	2025-05-29 11:23:18.738056+00	driver1@signo.com	\N	driver	t	2025-05-29 11:23:18.738299+00	2025-06-06 07:57:07.468862+00
14	pbkdf2_sha256$1000000$MBl1lqJQizlTAEq6c7Mj28$VjjQ4ERINA38vrjwQkx+3gh3N/QLOfTIN9oV93niZ5I=	2025-06-02 12:03:09.149647+00	f	testfleet	Test	Fleet	f	2025-06-02 12:01:36.77309+00	test@fleet.com	\N	fleet_owner	t	2025-06-02 12:01:37.393267+00	2025-06-06 07:57:07.119151+00
1	pbkdf2_sha256$1000000$z3V5X8Pzjl4via5w9UGlIu$SBGmSqmiU8PD6C2tGfC0nZbfxn57JJu1ldbWo9RXm6w=	2025-06-11 10:59:04.227405+00	f	demo			f	2025-05-29 11:23:18.367903+00	demo@signo.com	\N	fleet_owner	t	2025-05-29 11:23:18.368255+00	2025-06-06 07:57:06.801586+00
7	pbkdf2_sha256$1000000$CiodpR1iMkKznpfM0JQpRI$EZe5qXrVTvFldSmqMhRz4B1nRg7o7wgfhlQKEFfom9Y=	\N	f	driver2	Suresh	Kumar	f	2025-05-30 07:38:03.704563+00	driver2@drivenowkm.com	\N	driver	t	2025-05-30 07:38:03.704904+00	2025-06-06 07:57:07.779273+00
8	pbkdf2_sha256$1000000$jUdJlm9BVBwcYyvg7MZoJt$8FGjbYWLDYOyBTOoc/M2PP/Vue9lNc1TenczLzcp4Y8=	\N	f	driver3	Ravi	Singh	f	2025-05-30 07:38:04.244605+00	driver3@drivenowkm.com	\N	driver	t	2025-05-30 07:38:04.245107+00	2025-06-06 07:57:08.107748+00
9	pbkdf2_sha256$1000000$0LsVU5GCldVaHtZX7vGCug$mlOGpNPgpDsokaIiBQWF2CP3IWROPkrwRn54SR5tjyY=	\N	f	driver4	Deepak	Joshi	f	2025-05-30 07:38:04.755753+00	driver4@drivenowkm.com	\N	driver	t	2025-05-30 07:38:04.755938+00	2025-06-06 07:57:08.446187+00
10	pbkdf2_sha256$1000000$lkjpFaCOuaKFE0K3qEUbVP$NfCeFM3clDrpPLj5yogAaI96ke0CThxmDj5kB68iYdc=	\N	f	driver5	Manoj	Verma	f	2025-05-30 07:38:05.324874+00	driver5@drivenowkm.com	\N	driver	t	2025-05-30 07:38:05.325093+00	2025-06-06 07:57:08.785515+00
11	pbkdf2_sha256$1000000$h1S7hahJi2eQfnl6DV4Aj0$qVccBdYNe3xdbm+yGjPFYaQ6Uh6wtjIGjnwJdvpY/XE=	\N	f	driver6	Prakash	Yadav	f	2025-05-30 08:12:13.029858+00	driver6@drivenowkm.com	\N	driver	t	2025-05-30 08:12:13.444088+00	2025-06-06 07:57:09.111293+00
12	pbkdf2_sha256$1000000$pjq4Ap8EvAwKklzszhW8mu$9oEdCbgSIgBwoVYxJdBRX0hWtfxnqUEEhPojeaZCq+Q=	\N	f	driver7	Vikash	Gupta	f	2025-05-30 08:12:13.582035+00	driver7@drivenowkm.com	\N	driver	t	2025-05-30 08:12:14.052683+00	2025-06-06 07:57:09.47977+00
13	pbkdf2_sha256$1000000$pCtBCQUEpaXsg0EfdGnJ0l$UQX3gA4HqbVxPFYEn1rhPIYn/5uvAv7seI0HLE6/uZA=	\N	f	driver8	Santosh	Mishra	f	2025-05-30 08:12:14.182804+00	driver8@drivenowkm.com	\N	driver	t	2025-05-30 08:12:14.604424+00	2025-06-06 07:57:09.87529+00
5	pbkdf2_sha256$1000000$k6h1NBghebAVJ8VCClIh8M$xdRTRGt4TYo6zBCgm1eJBdpFXVRvA1WHrxlN5MOS9ow=	2025-06-07 06:45:57.179987+00	f	fleetowner	Fleet	Owner	f	2025-05-29 12:56:10.853866+00	owner@drivenowkm.com	\N	fleet_owner	t	2025-05-29 12:56:11.234295+00	2025-06-06 07:57:06.465517+00
\.


--
-- Data for Name: fleet_user_groups; Type: TABLE DATA; Schema: public; Owner: neondb_owner
--

COPY public.fleet_user_groups (id, user_id, group_id) FROM stdin;
\.


--
-- Data for Name: fleet_user_user_permissions; Type: TABLE DATA; Schema: public; Owner: neondb_owner
--

COPY public.fleet_user_user_permissions (id, user_id, permission_id) FROM stdin;
\.


--
-- Data for Name: fleet_vehicle; Type: TABLE DATA; Schema: public; Owner: neondb_owner
--

COPY public.fleet_vehicle (id, vehicle_number, model, capacity, fuel_type, status, current_location, created_at, updated_at, fleet_owner_id) FROM stdin;
54	MH-14-OP-0123	Tata Super Ace	1.40	diesel	idle	{"lat": 19.146, "lng": 72.9477}	2025-05-30 08:28:46.027319+00	2025-06-06 04:59:24.689423+00	2
48	MH-14-CD-5678	Mahindra Bolero	2.00	diesel	idle	{"lat": 19.086000000000002, "lng": 72.88770000000001}	2025-05-30 08:28:45.8941+00	2025-06-06 04:59:24.689423+00	2
51	MH-14-IJ-7890	Tata 407	2.50	diesel	idle	{"lat": 19.116, "lng": 72.91770000000001}	2025-05-30 08:28:45.964188+00	2025-06-06 04:59:24.689423+00	2
55	MH-14-QR-4567	Isuzu D-Max	2.20	diesel	idle	{"lat": 19.156, "lng": 72.9577}	2025-05-30 08:28:46.04831+00	2025-06-06 04:59:24.689423+00	2
58	MH-14-WX-7890	Eicher Pro 3009	4.00	diesel	idle	{"lat": 19.186, "lng": 72.9877}	2025-05-30 08:28:46.113234+00	2025-06-06 04:59:24.689423+00	2
61	GJ-05-CD-9012	Maruti Super Carry	0.70	diesel	idle	{"lat": 19.216, "lng": 73.0177}	2025-05-30 08:28:46.176339+00	2025-06-06 04:59:24.689423+00	2
52	MH-14-KL-2345	Mahindra Pickup	1.20	diesel	maintenance	{"lat": 19.126, "lng": 72.9277}	2025-05-30 08:28:45.985281+00	2025-06-05 06:59:28.071682+00	2
49	MH-14-EF-9012	Eicher Pro 1049	3.50	diesel	maintenance	{"lat": 19.096, "lng": 72.8977}	2025-05-30 08:28:45.922504+00	2025-06-05 06:59:28.071682+00	2
56	MH-14-ST-8901	Bajaj Maxitruck	1.00	diesel	maintenance	{"lat": 19.166, "lng": 72.96770000000001}	2025-05-30 08:28:46.068952+00	2025-06-05 06:59:28.071682+00	2
59	MH-14-YZ-1234	Ashok Leyland Partner	1.60	diesel	maintenance	{"lat": 19.196, "lng": 72.99770000000001}	2025-05-30 08:28:46.134443+00	2025-06-05 06:59:28.071682+00	2
47	MH-14-AB-1234	Tata Ace	1.50	diesel	active	{"lat": 19.076, "lng": 72.8777}	2025-05-30 08:28:45.865533+00	2025-06-06 06:59:31.373603+00	2
50	MH-14-GH-3456	Ashok Leyland Dost	1.80	diesel	active	{"lat": 19.106, "lng": 72.9077}	2025-05-30 08:28:45.94331+00	2025-06-06 06:59:31.373603+00	2
53	MH-14-MN-6789	Force Traveller	3.00	diesel	active	{"lat": 19.136, "lng": 72.9377}	2025-05-30 08:28:46.006283+00	2025-06-06 06:59:31.373603+00	2
57	MH-14-UV-3456	Mahindra Jeeto	0.80	diesel	active	{"lat": 19.176000000000002, "lng": 72.9777}	2025-05-30 08:28:46.092351+00	2025-06-06 06:59:31.373603+00	2
60	GJ-05-AB-5678	Tata Intra V10	1.70	diesel	active	{"lat": 19.206, "lng": 73.0077}	2025-05-30 08:28:46.155513+00	2025-06-06 06:59:31.373603+00	2
\.


--
-- Data for Name: fuel_prices; Type: TABLE DATA; Schema: public; Owner: neondb_owner
--

COPY public.fuel_prices (id, price_per_liter, location, updated_at) FROM stdin;
1	98.50	\N	2025-05-27 09:36:29.414
2	98.50	\N	2025-05-27 09:36:43.715
3	98.50	\N	2025-05-27 09:46:50.966
4	98.50	\N	2025-05-27 09:49:31.569
5	98.50	\N	2025-05-27 09:49:37.969
6	98.50	\N	2025-05-27 09:50:13.637
7	98.50	\N	2025-05-27 09:50:50.629
8	98.50	\N	2025-05-27 09:51:32.223
9	98.50	\N	2025-05-27 09:51:34.636
10	98.50	\N	2025-05-27 09:52:06.758
11	98.50	\N	2025-05-27 09:52:21.496
12	98.50	\N	2025-05-27 09:52:37.574
13	98.50	\N	2025-05-27 09:54:24.727
14	98.50	\N	2025-05-27 10:01:03.578
15	98.50	\N	2025-05-27 10:02:14.141
16	98.50	\N	2025-05-27 10:20:48.868
17	98.50	\N	2025-05-27 10:20:59.991
18	98.50	\N	2025-05-27 10:21:20.955
19	98.50	\N	2025-05-27 10:22:49.525
20	98.50	\N	2025-05-27 10:23:02.797
21	98.50	\N	2025-05-27 10:25:20.667
22	98.50	\N	2025-05-27 10:35:26.777
23	98.50	\N	2025-05-27 10:37:54.366
24	98.50	\N	2025-05-27 10:38:20.716
25	98.50	\N	2025-05-27 10:38:48.022
26	98.50	\N	2025-05-27 10:38:50.721
27	98.50	\N	2025-05-27 10:38:59.362
28	98.50	\N	2025-05-27 10:39:02.931
29	98.50	\N	2025-05-27 10:40:23.247
30	98.50	\N	2025-05-27 10:40:24.446
31	98.50	\N	2025-05-27 10:40:44.076
32	98.50	\N	2025-05-27 10:41:20.527
33	98.50	\N	2025-05-27 10:41:24.973
34	98.50	\N	2025-05-27 10:41:30.458
35	98.50	\N	2025-05-27 10:41:33.013
36	98.50	\N	2025-05-27 10:43:42.212
37	98.50	\N	2025-05-27 10:44:39.404
38	98.50	\N	2025-05-27 10:44:40.05
39	98.50	\N	2025-05-27 10:45:18.811
40	98.50	\N	2025-05-27 10:45:23.579
41	98.50	\N	2025-05-27 10:52:58.427
42	98.50	\N	2025-05-27 10:53:02.689
43	98.50	\N	2025-05-27 10:55:10.492
44	98.50	\N	2025-05-27 10:55:14.429
45	98.50	\N	2025-05-27 11:04:09.049
46	98.50	\N	2025-05-27 11:04:12.608
47	98.50	\N	2025-05-27 11:08:21.326
48	98.50	\N	2025-05-27 11:08:26.442
49	98.50	\N	2025-05-27 11:10:15.27
50	98.50	\N	2025-05-27 11:10:21.834
51	98.50	\N	2025-05-27 11:12:48.215
52	98.50	\N	2025-05-27 11:12:49.546
53	98.50	\N	2025-05-27 11:15:20.774
54	98.50	\N	2025-05-27 11:16:19.882
55	98.50	\N	2025-05-27 11:16:23.92
56	98.50	\N	2025-05-27 11:19:30.912
57	98.50	\N	2025-05-27 11:19:34.444
58	98.50	\N	2025-05-27 11:23:08.452
59	98.50	\N	2025-05-27 11:26:04.038
60	98.50	\N	2025-05-27 11:26:05.241
61	98.50	\N	2025-05-27 11:27:15.324
62	98.50	\N	2025-05-27 11:28:31.924
63	98.50	\N	2025-05-27 11:28:36.915
64	98.50	\N	2025-05-27 11:28:54.944
65	98.50	\N	2025-05-27 11:29:19.814
66	98.50	\N	2025-05-27 11:29:20.216
67	98.50	\N	2025-05-27 11:29:47.522
68	98.50	\N	2025-05-27 11:29:48.8
69	98.50	\N	2025-05-27 11:30:14.859
70	98.50	\N	2025-05-27 11:30:19.5
71	98.50	\N	2025-05-27 11:41:32.156
72	98.50	\N	2025-05-27 11:43:58.338
73	98.50	\N	2025-05-27 11:44:59.507
74	98.50	\N	2025-05-27 11:45:03.47
75	98.50	\N	2025-05-27 12:05:39.983
76	98.50	\N	2025-05-27 12:05:42.215
77	98.50	\N	2025-05-27 12:05:51.038
78	98.50	\N	2025-05-27 12:06:20.407
79	98.50	\N	2025-05-27 12:10:16.14
80	98.50	\N	2025-05-27 12:10:17.936
81	98.50	\N	2025-05-27 12:10:22.747
82	98.50	\N	2025-05-27 12:10:26.178
83	98.50	\N	2025-05-27 12:12:47.829
84	98.50	\N	2025-05-27 12:14:57.165
85	98.50	\N	2025-05-27 12:14:57.544
86	98.50	\N	2025-05-27 12:15:01.351
87	98.50	\N	2025-05-27 12:15:01.491
88	98.50	\N	2025-05-27 12:16:33.633
89	98.50	\N	2025-05-27 12:16:54.185
90	98.50	\N	2025-05-27 12:16:59.29
91	98.50	\N	2025-05-27 12:17:08.284
92	98.50	\N	2025-05-27 12:19:44.491
93	98.50	\N	2025-05-27 12:19:45.19
94	98.50	\N	2025-05-27 12:20:00.973
95	98.50	\N	2025-05-27 12:20:05.492
96	98.50	\N	2025-05-27 12:21:04.645
97	98.50	\N	2025-05-27 12:21:10.322
98	98.50	\N	2025-05-27 12:21:56.974
99	98.50	\N	2025-05-27 12:22:02.164
100	98.50	\N	2025-05-27 12:26:52.408
101	98.50	\N	2025-05-27 12:26:53.637
102	98.50	\N	2025-05-27 12:27:55.508
103	98.50	\N	2025-05-27 12:28:00.427
104	98.50	\N	2025-05-27 12:34:31.983
105	98.50	\N	2025-05-27 12:34:39.211
106	98.50	\N	2025-05-27 12:34:48.104
107	98.50	\N	2025-05-27 12:35:39.435
108	98.50	\N	2025-05-27 12:37:46.64
109	98.50	\N	2025-05-27 12:37:46.663
110	98.50	\N	2025-05-27 12:38:14.691
111	98.50	\N	2025-05-27 12:38:15.095
112	98.50	\N	2025-05-27 12:39:33.457
113	98.50	\N	2025-05-27 12:40:24.146
114	98.50	\N	2025-05-27 12:40:24.85
115	98.50	\N	2025-05-27 12:41:30.589
116	98.50	\N	2025-05-27 12:41:34.527
117	98.50	\N	2025-05-27 12:48:01.255
118	98.50	\N	2025-05-27 12:48:01.67
119	98.50	\N	2025-05-27 12:48:08.195
120	98.50	\N	2025-05-27 12:48:11.955
121	98.50	\N	2025-05-27 12:49:56.753
122	98.50	\N	2025-05-27 12:50:00.064
123	98.50	\N	2025-05-27 12:50:47.444
124	98.50	\N	2025-05-27 12:50:48.362
125	98.50	\N	2025-05-27 12:50:48.679
126	98.50	\N	2025-05-27 12:50:55.672
127	98.50	\N	2025-05-27 12:51:02.439
128	98.50	\N	2025-05-27 12:51:18.146
129	98.50	\N	2025-05-27 12:51:18.434
130	98.50	\N	2025-05-27 12:51:23.418
131	98.50	\N	2025-05-27 12:51:31.009
132	98.50	\N	2025-05-27 12:51:37.09
133	98.50	\N	2025-05-27 12:52:09.296
134	98.50	\N	2025-05-27 12:52:15.973
135	98.50	\N	2025-05-27 12:53:18.279
136	98.50	\N	2025-05-27 12:53:20.927
137	98.50	\N	2025-05-27 12:53:27.779
138	98.50	\N	2025-05-27 12:53:33.156
139	98.50	\N	2025-05-27 12:54:30.056
140	98.50	\N	2025-05-27 12:54:35.892
141	98.50	\N	2025-05-27 12:54:41.773
142	98.50	\N	2025-05-27 12:54:47.238
143	98.50	\N	2025-05-27 12:54:50.864
144	98.50	\N	2025-05-27 12:58:29.33
145	98.50	\N	2025-05-27 12:58:29.331
146	98.50	\N	2025-05-27 12:58:33.382
147	98.50	\N	2025-05-27 12:58:49.62
148	98.50	\N	2025-05-27 13:01:21.693
149	98.50	\N	2025-05-27 13:02:16.414
150	98.50	\N	2025-05-27 13:06:26.951
151	98.50	\N	2025-05-27 13:06:42.004
152	98.50	\N	2025-05-27 13:06:53.56
153	98.50	\N	2025-05-27 13:08:56.196
154	98.50	\N	2025-05-27 13:09:45.717
155	98.50	\N	2025-05-27 13:09:52.18
156	98.50	\N	2025-05-27 13:10:09.672
157	98.50	\N	2025-05-27 13:10:21.762
158	98.50	\N	2025-05-27 13:14:52.317
159	98.50	\N	2025-05-27 13:15:03.597
160	98.50	\N	2025-05-28 05:20:53.265
161	98.50	\N	2025-05-28 05:35:34.118
162	98.50	\N	2025-05-28 05:52:57.928
163	98.50	\N	2025-05-28 05:53:28.947
164	98.50	\N	2025-05-28 05:53:42.514
165	98.50	\N	2025-05-28 05:54:12.973
166	98.50	\N	2025-05-28 05:54:20.794
167	98.50	\N	2025-05-28 05:54:30.059
168	98.50	\N	2025-05-28 05:54:38.362
169	98.50	\N	2025-05-28 05:54:57.893
170	98.50	\N	2025-05-28 05:55:16.787
171	98.50	\N	2025-05-28 05:55:25.221
172	98.50	\N	2025-05-28 05:55:45.811
173	98.50	\N	2025-05-28 05:56:03.361
174	98.50	\N	2025-05-28 05:56:28.206
175	98.50	\N	2025-05-28 06:02:57.587
176	98.50	\N	2025-05-28 06:03:10.103
177	98.50	\N	2025-05-28 06:03:18.764
178	98.50	\N	2025-05-28 06:03:24.164
179	98.50	\N	2025-05-28 06:03:43.27
180	98.50	\N	2025-05-28 06:22:33.576
181	98.50	\N	2025-05-28 06:22:36.369
182	98.50	\N	2025-05-28 06:22:38.62
183	98.50	\N	2025-05-28 06:22:40.344
184	98.50	\N	2025-05-28 06:22:43.74
185	98.50	\N	2025-05-28 06:23:10.187
186	98.50	\N	2025-05-28 06:23:15.058
187	98.50	\N	2025-05-28 06:23:17.289
188	98.50	\N	2025-05-28 06:23:19.284
189	98.50	\N	2025-05-28 06:25:14
190	98.50	\N	2025-05-28 06:25:26.155
191	98.50	\N	2025-05-28 06:26:48.186
192	98.50	\N	2025-05-28 06:27:46.441
193	98.50	\N	2025-05-28 06:28:19.414
194	98.50	\N	2025-05-28 06:31:16.21
195	98.50	\N	2025-05-28 06:31:23.874
196	98.50	\N	2025-05-28 06:32:27.4
197	98.50	\N	2025-05-28 06:33:16.2
198	98.50	\N	2025-05-28 06:33:21.062
199	98.50	\N	2025-05-28 06:36:14.596
200	98.50	\N	2025-05-28 06:40:06.848
201	98.50	\N	2025-05-28 06:40:10.724
202	98.50	\N	2025-05-28 06:40:32.287
203	98.50	\N	2025-05-28 06:45:01.434
204	98.50	\N	2025-05-28 06:45:09.503
205	98.50	\N	2025-05-28 06:47:12.804
206	98.50	\N	2025-05-28 06:47:53.495
207	98.50	\N	2025-05-28 06:48:01.03
208	98.50	\N	2025-05-28 06:52:54.444
209	98.50	\N	2025-05-28 06:53:04.603
210	98.50	\N	2025-05-28 06:53:10.366
211	98.50	\N	2025-05-28 06:53:20.423
212	98.50	\N	2025-05-28 06:53:35.323
213	98.50	\N	2025-05-28 06:53:52.279
214	98.50	\N	2025-05-28 06:54:11.677
215	98.50	\N	2025-05-28 06:57:12.134
216	98.50	\N	2025-05-28 06:57:15.325
217	98.50	\N	2025-05-28 06:58:02.962
218	98.50	\N	2025-05-28 06:58:15.694
219	98.50	\N	2025-05-28 06:58:43.551
220	98.50	\N	2025-05-28 06:58:48.871
221	98.50	\N	2025-05-28 06:59:02.291
222	98.50	\N	2025-05-28 06:59:24.211
223	98.50	\N	2025-05-28 07:00:23.425
224	98.50	\N	2025-05-28 07:00:28.829
225	98.50	\N	2025-05-28 07:02:46.883
226	98.50	\N	2025-05-28 07:02:54.59
227	98.50	\N	2025-05-28 07:03:29.014
228	98.50	\N	2025-05-28 07:05:18.661
229	98.50	\N	2025-05-28 07:05:28.281
230	98.50	\N	2025-05-28 07:05:42.674
231	98.50	\N	2025-05-28 07:08:57.869
232	98.50	\N	2025-05-28 08:16:36.833
233	98.50	\N	2025-05-28 12:18:45.683
234	98.50	\N	2025-05-28 12:18:47.6
235	98.50	\N	2025-05-28 12:19:14.016
236	98.50	\N	2025-05-28 12:19:18.757
237	98.50	\N	2025-05-28 12:19:25.092
238	98.50	\N	2025-05-28 12:19:48.763
239	98.50	\N	2025-05-28 12:20:22.412
240	98.50	\N	2025-05-28 12:20:29.137
241	98.50	\N	2025-05-28 12:20:54.8
242	98.50	\N	2025-05-28 12:21:30.492
243	98.50	\N	2025-05-28 12:21:39.02
244	98.50	\N	2025-05-28 12:21:49.22
245	98.50	\N	2025-05-28 12:25:57.792
246	98.50	\N	2025-05-28 12:26:09.035
247	98.50	\N	2025-05-28 12:26:25.701
248	98.50	\N	2025-05-28 12:26:47.583
249	98.50	\N	2025-05-28 12:26:47.888
250	98.50	\N	2025-05-28 12:39:48.642
251	98.50	\N	2025-05-28 12:39:58.36
252	98.50	\N	2025-05-28 12:43:01.385
253	98.50	\N	2025-05-28 12:43:04.264
254	98.50	\N	2025-05-28 12:43:29.75
255	98.50	\N	2025-05-28 12:44:10.561
256	98.50	\N	2025-05-28 12:44:11.587
257	98.50	\N	2025-05-28 12:44:17.027
258	98.50	\N	2025-05-28 12:44:18.399
259	98.50	\N	2025-05-28 12:49:00.013
260	98.50	\N	2025-05-28 13:09:57.105
261	98.50	\N	2025-05-28 13:12:22.532
262	98.50	\N	2025-05-28 13:12:28.429
263	98.50	\N	2025-05-28 18:08:07.653
264	98.50	\N	2025-05-29 05:24:06.955
265	98.50	\N	2025-05-29 05:26:56.718
266	98.50	\N	2025-05-29 05:28:44.437
267	98.50	\N	2025-05-29 05:28:47.534
268	98.50	\N	2025-05-29 05:37:50.812
269	98.50	\N	2025-05-29 05:41:44.044
270	98.50	\N	2025-05-29 05:42:03.041
271	98.50	\N	2025-05-29 05:43:46.395
272	98.50	\N	2025-05-29 05:43:48.06
273	98.50	\N	2025-05-29 05:59:16.14
274	98.50	\N	2025-05-29 05:59:20.719
275	98.50	\N	2025-05-29 05:59:53.842
276	98.50	\N	2025-05-29 05:59:55.502
277	98.50	\N	2025-05-29 06:09:03.967
278	98.50	\N	2025-05-29 06:10:35.827
279	98.50	\N	2025-05-29 06:13:56.188
280	98.50	\N	2025-05-29 06:14:43.781
281	98.50	\N	2025-05-29 06:14:46.411
282	98.50	\N	2025-05-29 06:23:42.792
283	98.50	\N	2025-05-29 06:27:20.647
284	98.50	\N	2025-05-29 06:29:35.28
285	98.50	\N	2025-05-29 06:30:24.367
286	98.50	\N	2025-05-29 06:30:30.036
287	98.50	\N	2025-05-29 06:35:08.465
288	98.50	\N	2025-05-29 06:36:08.151
289	98.50	\N	2025-05-29 06:36:29.251
290	98.50	\N	2025-05-29 06:36:37.78
291	98.50	\N	2025-05-29 06:36:43.573
292	98.50	\N	2025-05-29 06:42:34.956
293	98.50	\N	2025-05-29 06:42:53.246
294	98.50	\N	2025-05-29 06:42:56.894
295	98.50	\N	2025-05-29 06:43:11.601
296	98.50	\N	2025-05-29 06:43:15.564
297	98.50	\N	2025-05-29 06:44:38.514
298	98.50	\N	2025-05-29 06:45:52.53
299	98.50	\N	2025-05-29 06:47:30.602
300	98.50	\N	2025-05-29 06:47:59.492
301	98.50	\N	2025-05-29 06:48:02.578
302	98.50	\N	2025-05-29 06:49:03.427
303	98.50	\N	2025-05-29 06:54:27.66
304	98.50	\N	2025-05-29 06:54:35.528
305	98.50	\N	2025-05-29 06:54:54.672
306	98.50	\N	2025-05-29 07:06:14.271
307	98.50	\N	2025-05-29 07:06:18.78
308	98.50	\N	2025-05-29 07:06:26.44
309	98.50	\N	2025-05-29 07:17:12.446
310	98.50	\N	2025-05-29 07:25:46.938
311	98.50	\N	2025-05-29 07:25:48.185
312	98.50	\N	2025-05-29 07:25:50.313
313	98.50	\N	2025-05-29 07:26:10.452
314	98.50	\N	2025-05-29 07:38:51.738
315	98.50	\N	2025-05-29 07:39:12.101
316	98.50	\N	2025-05-29 07:40:35.5
317	98.50	\N	2025-05-29 07:40:42.276
318	98.50	\N	2025-05-29 07:43:16.04
319	98.50	\N	2025-05-29 07:43:56.499
320	98.50	\N	2025-05-29 07:43:56.986
321	98.50	\N	2025-05-29 07:44:11.728
322	98.50	\N	2025-05-29 07:44:13.739
323	98.50	\N	2025-05-29 07:44:56.073
324	98.50	\N	2025-05-29 07:45:08.246
325	98.50	\N	2025-05-29 07:47:58.698
326	98.50	\N	2025-05-29 07:48:21.509
327	98.50	\N	2025-05-29 07:48:21.881
328	98.50	\N	2025-05-29 07:48:37.432
329	98.50	\N	2025-05-29 07:48:37.556
330	98.50	\N	2025-05-29 07:48:58.953
331	98.50	\N	2025-05-29 07:49:07.843
332	98.50	\N	2025-05-29 07:50:05.813
333	98.50	\N	2025-05-29 07:50:48.297
334	98.50	\N	2025-05-29 07:50:58.151
335	98.50	\N	2025-05-29 07:51:14.415
336	98.50	\N	2025-05-29 07:51:56.419
337	98.50	\N	2025-05-29 07:53:37.396
338	98.50	\N	2025-05-29 07:53:43.643
339	98.50	\N	2025-05-29 07:55:42.312
340	98.50	\N	2025-05-29 07:55:46.205
341	98.50	\N	2025-05-29 07:56:35.088
342	98.50	\N	2025-05-29 07:56:41.22
343	98.50	\N	2025-05-29 07:56:41.845
344	98.50	\N	2025-05-29 07:57:10.548
345	98.50	\N	2025-05-29 07:57:13.967
346	98.50	\N	2025-05-29 07:58:20.763
347	98.50	\N	2025-05-29 07:58:21.087
348	98.50	\N	2025-05-29 07:58:46.238
349	98.50	\N	2025-05-29 07:58:52.852
350	98.50	\N	2025-05-29 07:58:54.615
351	98.50	\N	2025-05-29 07:58:55.912
352	98.50	\N	2025-05-29 07:59:01.437
353	98.50	\N	2025-05-29 07:59:20.312
354	98.50	\N	2025-05-29 08:00:02.331
355	98.50	\N	2025-05-29 08:01:03.604
356	98.50	\N	2025-05-29 08:01:12.08
357	98.50	\N	2025-05-29 08:01:31.912
358	98.50	\N	2025-05-29 09:25:41.925
359	98.50	\N	2025-05-29 09:29:53.489
360	98.50	\N	2025-05-29 09:30:44.016
361	98.50	\N	2025-05-29 09:50:29.589
362	98.50	\N	2025-05-29 09:53:15.553
363	98.50	\N	2025-05-29 09:54:48.953
364	98.50	\N	2025-05-29 09:54:53.606
365	98.50	\N	2025-05-29 09:54:54.406
366	98.50	\N	2025-05-29 09:55:27.946
367	98.50	\N	2025-05-29 09:55:32.944
368	98.50	\N	2025-05-29 09:56:35.003
369	98.50	\N	2025-05-29 09:59:34.741
370	98.50	\N	2025-05-29 10:04:00.325
371	98.50	\N	2025-05-29 10:04:36.686
372	98.50	\N	2025-05-29 10:06:49.662
373	98.50	\N	2025-05-29 10:07:29.089
374	98.50	\N	2025-05-29 10:07:33.636
375	98.50	\N	2025-05-29 10:07:34.523
376	98.50	\N	2025-05-29 10:08:33.396
377	98.50	\N	2025-05-29 10:08:37.918
378	98.50	\N	2025-05-29 10:09:35.077
379	98.50	\N	2025-05-29 10:10:20.637
380	98.50	\N	2025-05-29 10:10:23.414
381	98.50	\N	2025-05-29 10:10:40.912
382	98.50	\N	2025-05-29 10:11:24.812
383	98.50	\N	2025-05-29 10:12:32.927
384	98.50	\N	2025-05-29 10:12:37.438
385	98.50	\N	2025-05-29 10:13:32.518
386	98.50	\N	2025-05-29 10:16:40.372
387	98.50	\N	2025-05-29 10:16:53.348
388	98.50	\N	2025-05-29 10:17:25.002
389	98.50	\N	2025-05-29 10:24:01.151
390	98.50	\N	2025-05-29 10:24:28.708
391	98.50	\N	2025-05-29 10:24:57.388
392	98.50	\N	2025-05-29 10:26:53.698
393	98.50	\N	2025-05-29 10:27:58.073
394	98.50	\N	2025-05-29 10:51:48.043
395	98.50	\N	2025-05-29 10:52:16.63
396	98.50	\N	2025-05-29 11:11:34.958
397	98.50	\N	2025-05-29 11:12:41.331
398	98.50	\N	2025-05-29 11:13:50.999
399	98.50	\N	2025-05-29 11:16:18.565
400	98.50	\N	2025-05-29 11:16:37.105
401	98.50	\N	2025-05-29 11:18:14.205
402	98.50	\N	2025-05-29 11:18:17.972
403	98.50	\N	2025-05-29 11:21:04.412
404	98.50	\N	2025-05-29 11:21:26.917
405	98.50	\N	2025-05-29 12:02:23.536
406	98.50	\N	2025-05-29 12:05:19.789
407	98.50	\N	2025-05-29 12:15:05.448
408	98.50	\N	2025-05-30 00:37:35.401
409	98.50	\N	2025-05-30 07:47:20.043
410	98.50	\N	2025-05-30 08:46:46.037
411	98.50	\N	2025-05-31 07:06:08.993
412	98.50	\N	2025-06-02 09:11:02.906
413	98.50	\N	2025-06-02 09:47:00.383
\.


--
-- Data for Name: job_applications; Type: TABLE DATA; Schema: public; Owner: neondb_owner
--

COPY public.job_applications (id, job_id, driver_id, status, applied_at, message, created_at) FROM stdin;
\.


--
-- Data for Name: job_postings; Type: TABLE DATA; Schema: public; Owner: neondb_owner
--

COPY public.job_postings (id, fleet_owner_id, origin, destination, distance, truck_type, driver_type, payment_amount, estimated_duration, status, deadline, requirements, contact_info, posted_at, created_at, updated_at) FROM stdin;
\.


--
-- Data for Name: notifications; Type: TABLE DATA; Schema: public; Owner: neondb_owner
--

COPY public.notifications (id, user_id, title, message, type, is_read, created_at) FROM stdin;
\.


--
-- Data for Name: payment_requests; Type: TABLE DATA; Schema: public; Owner: neondb_owner
--

COPY public.payment_requests (id, driver_id, trip_id, amount, type, description, receipt_url, status, requested_at, reviewed_at, reviewed_by, review_comments, created_at, updated_at) FROM stdin;
5	2	\N	2500.00	trip_payment	Payment for completed Mumbai to Pune delivery	\N	pending	2025-05-29 10:12:33.086065	\N	\N	\N	2025-05-29 10:12:33.086065	2025-05-29 10:12:33.086065
6	2	\N	850.00	expense_reimbursement	Vehicle maintenance and tire replacement	\N	pending	2025-05-29 10:12:33.11183	\N	\N	\N	2025-05-29 10:12:33.11183	2025-05-29 10:12:33.11183
7	2	\N	1200.00	expense_reimbursement	Toll charges and fuel expenses	\N	approved	2025-05-29 10:12:33.135441	\N	\N	\N	2025-05-29 10:12:33.135441	2025-05-29 10:12:33.135441
8	2	\N	500.00	bonus	Performance bonus for excellent customer rating	\N	pending	2025-05-29 10:12:33.159412	\N	\N	\N	2025-05-29 10:12:33.159412	2025-05-29 10:12:33.159412
9	2	\N	320.00	expense_reimbursement	Parking fees and documentation charges	\N	rejected	2025-05-29 10:12:33.182956	\N	\N	\N	2025-05-29 10:12:33.182956	2025-05-29 10:12:33.182956
10	2	\N	1850.00	trip_payment	Long haul delivery completion bonus	\N	approved	2025-05-29 10:12:33.206588	2025-05-29 10:12:51.524	1		2025-05-29 10:12:33.206588	2025-05-29 10:12:51.524
\.


--
-- Data for Name: pricing_settings; Type: TABLE DATA; Schema: public; Owner: neondb_owner
--

COPY public.pricing_settings (id, base_margin_percent, driver_cost_per_km, fuel_surcharge_threshold, updated_at) FROM stdin;
\.


--
-- Data for Name: sessions; Type: TABLE DATA; Schema: public; Owner: neondb_owner
--

COPY public.sessions (sid, sess, expire) FROM stdin;
\.


--
-- Data for Name: trips; Type: TABLE DATA; Schema: public; Owner: neondb_owner
--

COPY public.trips (id, trip_id, fleet_owner_id, driver_id, vehicle_id, from_location, to_location, distance, load_weight, rate_per_km, total_cost, toll_cost, fuel_cost, status, start_time, end_time, created_at) FROM stdin;
\.


--
-- Data for Name: truck_specifications; Type: TABLE DATA; Schema: public; Owner: neondb_owner
--

COPY public.truck_specifications (id, truck_type, gw, net_weight, avg, driver_salary_pm, distance_traveled_in_a_trip, fuel_cost, single_driver_cost, double_driver_cost, en_route_expenses, per_km_cost_single_driver, per_km_cost_double_driver, created_at, updated_at) FROM stdin;
\.


--
-- Data for Name: users; Type: TABLE DATA; Schema: public; Owner: neondb_owner
--

COPY public.users (id, email, phone, first_name, last_name, profile_image_url, role, created_at, updated_at) FROM stdin;
2	nikhil@signo.in	\N	Demo	User	\N	fleet-owner	2025-05-27 09:54:34.283117	2025-05-27 09:54:34.283117
4	\N	s	Demo	User	\N	admin	2025-05-27 09:55:17.748189	2025-05-27 09:55:17.748189
5	\N	as	Demo	User	\N	fleet-owner	2025-05-27 09:57:05.939716	2025-05-27 09:57:05.939716
3	\N	a	Demo	User	\N	suspended	2025-05-27 09:55:03.99343	2025-05-29 07:00:39.038
1	demo@signo.com	\N	Demo	User	\N	fleet-owner	2025-05-27 09:54:23.736085	2025-05-30 00:39:42.111
\.


--
-- Data for Name: vehicles; Type: TABLE DATA; Schema: public; Owner: neondb_owner
--

COPY public.vehicles (id, fleet_owner_id, driver_id, vehicle_number, vehicle_type, capacity, current_location, status, created_at) FROM stdin;
\.


--
-- Name: auth_group_id_seq; Type: SEQUENCE SET; Schema: public; Owner: neondb_owner
--

SELECT pg_catalog.setval('public.auth_group_id_seq', 1, false);


--
-- Name: auth_group_permissions_id_seq; Type: SEQUENCE SET; Schema: public; Owner: neondb_owner
--

SELECT pg_catalog.setval('public.auth_group_permissions_id_seq', 1, false);


--
-- Name: auth_permission_id_seq; Type: SEQUENCE SET; Schema: public; Owner: neondb_owner
--

SELECT pg_catalog.setval('public.auth_permission_id_seq', 72, true);


--
-- Name: django_admin_log_id_seq; Type: SEQUENCE SET; Schema: public; Owner: neondb_owner
--

SELECT pg_catalog.setval('public.django_admin_log_id_seq', 1, false);


--
-- Name: django_content_type_id_seq; Type: SEQUENCE SET; Schema: public; Owner: neondb_owner
--

SELECT pg_catalog.setval('public.django_content_type_id_seq', 18, true);


--
-- Name: django_migrations_id_seq; Type: SEQUENCE SET; Schema: public; Owner: neondb_owner
--

SELECT pg_catalog.setval('public.django_migrations_id_seq', 22, true);


--
-- Name: drivers_id_seq; Type: SEQUENCE SET; Schema: public; Owner: neondb_owner
--

SELECT pg_catalog.setval('public.drivers_id_seq', 2, true);


--
-- Name: expenses_id_seq; Type: SEQUENCE SET; Schema: public; Owner: neondb_owner
--

SELECT pg_catalog.setval('public.expenses_id_seq', 5, true);


--
-- Name: fleet_driver_id_seq; Type: SEQUENCE SET; Schema: public; Owner: neondb_owner
--

SELECT pg_catalog.setval('public.fleet_driver_id_seq', 10, true);


--
-- Name: fleet_expense_id_seq; Type: SEQUENCE SET; Schema: public; Owner: neondb_owner
--

SELECT pg_catalog.setval('public.fleet_expense_id_seq', 1, false);


--
-- Name: fleet_fleetowner_id_seq; Type: SEQUENCE SET; Schema: public; Owner: neondb_owner
--

SELECT pg_catalog.setval('public.fleet_fleetowner_id_seq', 4, true);


--
-- Name: fleet_fuelprice_id_seq; Type: SEQUENCE SET; Schema: public; Owner: neondb_owner
--

SELECT pg_catalog.setval('public.fleet_fuelprice_id_seq', 1, false);


--
-- Name: fleet_jobapplication_id_seq; Type: SEQUENCE SET; Schema: public; Owner: neondb_owner
--

SELECT pg_catalog.setval('public.fleet_jobapplication_id_seq', 1, false);


--
-- Name: fleet_jobposting_id_seq; Type: SEQUENCE SET; Schema: public; Owner: neondb_owner
--

SELECT pg_catalog.setval('public.fleet_jobposting_id_seq', 9, true);


--
-- Name: fleet_notification_id_seq; Type: SEQUENCE SET; Schema: public; Owner: neondb_owner
--

SELECT pg_catalog.setval('public.fleet_notification_id_seq', 1, false);


--
-- Name: fleet_owners_id_seq; Type: SEQUENCE SET; Schema: public; Owner: neondb_owner
--

SELECT pg_catalog.setval('public.fleet_owners_id_seq', 3, true);


--
-- Name: fleet_paymentrequest_id_seq; Type: SEQUENCE SET; Schema: public; Owner: neondb_owner
--

SELECT pg_catalog.setval('public.fleet_paymentrequest_id_seq', 15, true);


--
-- Name: fleet_pricingsetting_id_seq; Type: SEQUENCE SET; Schema: public; Owner: neondb_owner
--

SELECT pg_catalog.setval('public.fleet_pricingsetting_id_seq', 1, false);


--
-- Name: fleet_trip_id_seq; Type: SEQUENCE SET; Schema: public; Owner: neondb_owner
--

SELECT pg_catalog.setval('public.fleet_trip_id_seq', 36, true);


--
-- Name: fleet_truckspecification_id_seq; Type: SEQUENCE SET; Schema: public; Owner: neondb_owner
--

SELECT pg_catalog.setval('public.fleet_truckspecification_id_seq', 14, true);


--
-- Name: fleet_user_groups_id_seq; Type: SEQUENCE SET; Schema: public; Owner: neondb_owner
--

SELECT pg_catalog.setval('public.fleet_user_groups_id_seq', 1, false);


--
-- Name: fleet_user_id_seq; Type: SEQUENCE SET; Schema: public; Owner: neondb_owner
--

SELECT pg_catalog.setval('public.fleet_user_id_seq', 14, true);


--
-- Name: fleet_user_user_permissions_id_seq; Type: SEQUENCE SET; Schema: public; Owner: neondb_owner
--

SELECT pg_catalog.setval('public.fleet_user_user_permissions_id_seq', 1, false);


--
-- Name: fleet_vehicle_id_seq; Type: SEQUENCE SET; Schema: public; Owner: neondb_owner
--

SELECT pg_catalog.setval('public.fleet_vehicle_id_seq', 61, true);


--
-- Name: fuel_prices_id_seq; Type: SEQUENCE SET; Schema: public; Owner: neondb_owner
--

SELECT pg_catalog.setval('public.fuel_prices_id_seq', 413, true);


--
-- Name: job_applications_id_seq; Type: SEQUENCE SET; Schema: public; Owner: neondb_owner
--

SELECT pg_catalog.setval('public.job_applications_id_seq', 1, false);


--
-- Name: job_postings_id_seq; Type: SEQUENCE SET; Schema: public; Owner: neondb_owner
--

SELECT pg_catalog.setval('public.job_postings_id_seq', 1, false);


--
-- Name: notifications_id_seq; Type: SEQUENCE SET; Schema: public; Owner: neondb_owner
--

SELECT pg_catalog.setval('public.notifications_id_seq', 1, false);


--
-- Name: payment_requests_id_seq; Type: SEQUENCE SET; Schema: public; Owner: neondb_owner
--

SELECT pg_catalog.setval('public.payment_requests_id_seq', 10, true);


--
-- Name: pricing_settings_id_seq; Type: SEQUENCE SET; Schema: public; Owner: neondb_owner
--

SELECT pg_catalog.setval('public.pricing_settings_id_seq', 1, false);


--
-- Name: trips_id_seq; Type: SEQUENCE SET; Schema: public; Owner: neondb_owner
--

SELECT pg_catalog.setval('public.trips_id_seq', 4, true);


--
-- Name: truck_specifications_id_seq; Type: SEQUENCE SET; Schema: public; Owner: neondb_owner
--

SELECT pg_catalog.setval('public.truck_specifications_id_seq', 1, false);


--
-- Name: users_id_seq; Type: SEQUENCE SET; Schema: public; Owner: neondb_owner
--

SELECT pg_catalog.setval('public.users_id_seq', 5, true);


--
-- Name: vehicles_id_seq; Type: SEQUENCE SET; Schema: public; Owner: neondb_owner
--

SELECT pg_catalog.setval('public.vehicles_id_seq', 1, false);


--
-- Name: auth_group auth_group_name_key; Type: CONSTRAINT; Schema: public; Owner: neondb_owner
--

ALTER TABLE ONLY public.auth_group
    ADD CONSTRAINT auth_group_name_key UNIQUE (name);


--
-- Name: auth_group_permissions auth_group_permissions_group_id_permission_id_0cd325b0_uniq; Type: CONSTRAINT; Schema: public; Owner: neondb_owner
--

ALTER TABLE ONLY public.auth_group_permissions
    ADD CONSTRAINT auth_group_permissions_group_id_permission_id_0cd325b0_uniq UNIQUE (group_id, permission_id);


--
-- Name: auth_group_permissions auth_group_permissions_pkey; Type: CONSTRAINT; Schema: public; Owner: neondb_owner
--

ALTER TABLE ONLY public.auth_group_permissions
    ADD CONSTRAINT auth_group_permissions_pkey PRIMARY KEY (id);


--
-- Name: auth_group auth_group_pkey; Type: CONSTRAINT; Schema: public; Owner: neondb_owner
--

ALTER TABLE ONLY public.auth_group
    ADD CONSTRAINT auth_group_pkey PRIMARY KEY (id);


--
-- Name: auth_permission auth_permission_content_type_id_codename_01ab375a_uniq; Type: CONSTRAINT; Schema: public; Owner: neondb_owner
--

ALTER TABLE ONLY public.auth_permission
    ADD CONSTRAINT auth_permission_content_type_id_codename_01ab375a_uniq UNIQUE (content_type_id, codename);


--
-- Name: auth_permission auth_permission_pkey; Type: CONSTRAINT; Schema: public; Owner: neondb_owner
--

ALTER TABLE ONLY public.auth_permission
    ADD CONSTRAINT auth_permission_pkey PRIMARY KEY (id);


--
-- Name: django_admin_log django_admin_log_pkey; Type: CONSTRAINT; Schema: public; Owner: neondb_owner
--

ALTER TABLE ONLY public.django_admin_log
    ADD CONSTRAINT django_admin_log_pkey PRIMARY KEY (id);


--
-- Name: django_content_type django_content_type_app_label_model_76bd3d3b_uniq; Type: CONSTRAINT; Schema: public; Owner: neondb_owner
--

ALTER TABLE ONLY public.django_content_type
    ADD CONSTRAINT django_content_type_app_label_model_76bd3d3b_uniq UNIQUE (app_label, model);


--
-- Name: django_content_type django_content_type_pkey; Type: CONSTRAINT; Schema: public; Owner: neondb_owner
--

ALTER TABLE ONLY public.django_content_type
    ADD CONSTRAINT django_content_type_pkey PRIMARY KEY (id);


--
-- Name: django_migrations django_migrations_pkey; Type: CONSTRAINT; Schema: public; Owner: neondb_owner
--

ALTER TABLE ONLY public.django_migrations
    ADD CONSTRAINT django_migrations_pkey PRIMARY KEY (id);


--
-- Name: django_session django_session_pkey; Type: CONSTRAINT; Schema: public; Owner: neondb_owner
--

ALTER TABLE ONLY public.django_session
    ADD CONSTRAINT django_session_pkey PRIMARY KEY (session_key);


--
-- Name: drivers drivers_pkey; Type: CONSTRAINT; Schema: public; Owner: neondb_owner
--

ALTER TABLE ONLY public.drivers
    ADD CONSTRAINT drivers_pkey PRIMARY KEY (id);


--
-- Name: expenses expenses_pkey; Type: CONSTRAINT; Schema: public; Owner: neondb_owner
--

ALTER TABLE ONLY public.expenses
    ADD CONSTRAINT expenses_pkey PRIMARY KEY (id);


--
-- Name: fleet_driver fleet_driver_pkey; Type: CONSTRAINT; Schema: public; Owner: neondb_owner
--

ALTER TABLE ONLY public.fleet_driver
    ADD CONSTRAINT fleet_driver_pkey PRIMARY KEY (id);


--
-- Name: fleet_driver fleet_driver_user_id_key; Type: CONSTRAINT; Schema: public; Owner: neondb_owner
--

ALTER TABLE ONLY public.fleet_driver
    ADD CONSTRAINT fleet_driver_user_id_key UNIQUE (user_id);


--
-- Name: fleet_expense fleet_expense_pkey; Type: CONSTRAINT; Schema: public; Owner: neondb_owner
--

ALTER TABLE ONLY public.fleet_expense
    ADD CONSTRAINT fleet_expense_pkey PRIMARY KEY (id);


--
-- Name: fleet_fleetowner fleet_fleetowner_pkey; Type: CONSTRAINT; Schema: public; Owner: neondb_owner
--

ALTER TABLE ONLY public.fleet_fleetowner
    ADD CONSTRAINT fleet_fleetowner_pkey PRIMARY KEY (id);


--
-- Name: fleet_fleetowner fleet_fleetowner_user_id_key; Type: CONSTRAINT; Schema: public; Owner: neondb_owner
--

ALTER TABLE ONLY public.fleet_fleetowner
    ADD CONSTRAINT fleet_fleetowner_user_id_key UNIQUE (user_id);


--
-- Name: fleet_fuelprice fleet_fuelprice_pkey; Type: CONSTRAINT; Schema: public; Owner: neondb_owner
--

ALTER TABLE ONLY public.fleet_fuelprice
    ADD CONSTRAINT fleet_fuelprice_pkey PRIMARY KEY (id);


--
-- Name: fleet_jobapplication fleet_jobapplication_pkey; Type: CONSTRAINT; Schema: public; Owner: neondb_owner
--

ALTER TABLE ONLY public.fleet_jobapplication
    ADD CONSTRAINT fleet_jobapplication_pkey PRIMARY KEY (id);


--
-- Name: fleet_jobposting fleet_jobposting_pkey; Type: CONSTRAINT; Schema: public; Owner: neondb_owner
--

ALTER TABLE ONLY public.fleet_jobposting
    ADD CONSTRAINT fleet_jobposting_pkey PRIMARY KEY (id);


--
-- Name: fleet_notification fleet_notification_pkey; Type: CONSTRAINT; Schema: public; Owner: neondb_owner
--

ALTER TABLE ONLY public.fleet_notification
    ADD CONSTRAINT fleet_notification_pkey PRIMARY KEY (id);


--
-- Name: fleet_owners fleet_owners_pkey; Type: CONSTRAINT; Schema: public; Owner: neondb_owner
--

ALTER TABLE ONLY public.fleet_owners
    ADD CONSTRAINT fleet_owners_pkey PRIMARY KEY (id);


--
-- Name: fleet_paymentrequest fleet_paymentrequest_pkey; Type: CONSTRAINT; Schema: public; Owner: neondb_owner
--

ALTER TABLE ONLY public.fleet_paymentrequest
    ADD CONSTRAINT fleet_paymentrequest_pkey PRIMARY KEY (id);


--
-- Name: fleet_pricingsetting fleet_pricingsetting_pkey; Type: CONSTRAINT; Schema: public; Owner: neondb_owner
--

ALTER TABLE ONLY public.fleet_pricingsetting
    ADD CONSTRAINT fleet_pricingsetting_pkey PRIMARY KEY (id);


--
-- Name: fleet_trip fleet_trip_pkey; Type: CONSTRAINT; Schema: public; Owner: neondb_owner
--

ALTER TABLE ONLY public.fleet_trip
    ADD CONSTRAINT fleet_trip_pkey PRIMARY KEY (id);


--
-- Name: fleet_truckspecification fleet_truckspecification_pkey; Type: CONSTRAINT; Schema: public; Owner: neondb_owner
--

ALTER TABLE ONLY public.fleet_truckspecification
    ADD CONSTRAINT fleet_truckspecification_pkey PRIMARY KEY (id);


--
-- Name: fleet_truckspecification fleet_truckspecification_truck_type_key; Type: CONSTRAINT; Schema: public; Owner: neondb_owner
--

ALTER TABLE ONLY public.fleet_truckspecification
    ADD CONSTRAINT fleet_truckspecification_truck_type_key UNIQUE (truck_type);


--
-- Name: fleet_user fleet_user_email_key; Type: CONSTRAINT; Schema: public; Owner: neondb_owner
--

ALTER TABLE ONLY public.fleet_user
    ADD CONSTRAINT fleet_user_email_key UNIQUE (email);


--
-- Name: fleet_user_groups fleet_user_groups_pkey; Type: CONSTRAINT; Schema: public; Owner: neondb_owner
--

ALTER TABLE ONLY public.fleet_user_groups
    ADD CONSTRAINT fleet_user_groups_pkey PRIMARY KEY (id);


--
-- Name: fleet_user_groups fleet_user_groups_user_id_group_id_78a6c642_uniq; Type: CONSTRAINT; Schema: public; Owner: neondb_owner
--

ALTER TABLE ONLY public.fleet_user_groups
    ADD CONSTRAINT fleet_user_groups_user_id_group_id_78a6c642_uniq UNIQUE (user_id, group_id);


--
-- Name: fleet_user fleet_user_pkey; Type: CONSTRAINT; Schema: public; Owner: neondb_owner
--

ALTER TABLE ONLY public.fleet_user
    ADD CONSTRAINT fleet_user_pkey PRIMARY KEY (id);


--
-- Name: fleet_user_user_permissions fleet_user_user_permissions_pkey; Type: CONSTRAINT; Schema: public; Owner: neondb_owner
--

ALTER TABLE ONLY public.fleet_user_user_permissions
    ADD CONSTRAINT fleet_user_user_permissions_pkey PRIMARY KEY (id);


--
-- Name: fleet_user_user_permissions fleet_user_user_permissions_user_id_permission_id_a54c609e_uniq; Type: CONSTRAINT; Schema: public; Owner: neondb_owner
--

ALTER TABLE ONLY public.fleet_user_user_permissions
    ADD CONSTRAINT fleet_user_user_permissions_user_id_permission_id_a54c609e_uniq UNIQUE (user_id, permission_id);


--
-- Name: fleet_user fleet_user_username_key; Type: CONSTRAINT; Schema: public; Owner: neondb_owner
--

ALTER TABLE ONLY public.fleet_user
    ADD CONSTRAINT fleet_user_username_key UNIQUE (username);


--
-- Name: fleet_vehicle fleet_vehicle_pkey; Type: CONSTRAINT; Schema: public; Owner: neondb_owner
--

ALTER TABLE ONLY public.fleet_vehicle
    ADD CONSTRAINT fleet_vehicle_pkey PRIMARY KEY (id);


--
-- Name: fleet_vehicle fleet_vehicle_vehicle_number_key; Type: CONSTRAINT; Schema: public; Owner: neondb_owner
--

ALTER TABLE ONLY public.fleet_vehicle
    ADD CONSTRAINT fleet_vehicle_vehicle_number_key UNIQUE (vehicle_number);


--
-- Name: fuel_prices fuel_prices_pkey; Type: CONSTRAINT; Schema: public; Owner: neondb_owner
--

ALTER TABLE ONLY public.fuel_prices
    ADD CONSTRAINT fuel_prices_pkey PRIMARY KEY (id);


--
-- Name: job_applications job_applications_pkey; Type: CONSTRAINT; Schema: public; Owner: neondb_owner
--

ALTER TABLE ONLY public.job_applications
    ADD CONSTRAINT job_applications_pkey PRIMARY KEY (id);


--
-- Name: job_postings job_postings_pkey; Type: CONSTRAINT; Schema: public; Owner: neondb_owner
--

ALTER TABLE ONLY public.job_postings
    ADD CONSTRAINT job_postings_pkey PRIMARY KEY (id);


--
-- Name: notifications notifications_pkey; Type: CONSTRAINT; Schema: public; Owner: neondb_owner
--

ALTER TABLE ONLY public.notifications
    ADD CONSTRAINT notifications_pkey PRIMARY KEY (id);


--
-- Name: payment_requests payment_requests_pkey; Type: CONSTRAINT; Schema: public; Owner: neondb_owner
--

ALTER TABLE ONLY public.payment_requests
    ADD CONSTRAINT payment_requests_pkey PRIMARY KEY (id);


--
-- Name: pricing_settings pricing_settings_pkey; Type: CONSTRAINT; Schema: public; Owner: neondb_owner
--

ALTER TABLE ONLY public.pricing_settings
    ADD CONSTRAINT pricing_settings_pkey PRIMARY KEY (id);


--
-- Name: sessions sessions_pkey; Type: CONSTRAINT; Schema: public; Owner: neondb_owner
--

ALTER TABLE ONLY public.sessions
    ADD CONSTRAINT sessions_pkey PRIMARY KEY (sid);


--
-- Name: trips trips_pkey; Type: CONSTRAINT; Schema: public; Owner: neondb_owner
--

ALTER TABLE ONLY public.trips
    ADD CONSTRAINT trips_pkey PRIMARY KEY (id);


--
-- Name: trips trips_trip_id_unique; Type: CONSTRAINT; Schema: public; Owner: neondb_owner
--

ALTER TABLE ONLY public.trips
    ADD CONSTRAINT trips_trip_id_unique UNIQUE (trip_id);


--
-- Name: truck_specifications truck_specifications_pkey; Type: CONSTRAINT; Schema: public; Owner: neondb_owner
--

ALTER TABLE ONLY public.truck_specifications
    ADD CONSTRAINT truck_specifications_pkey PRIMARY KEY (id);


--
-- Name: users users_email_unique; Type: CONSTRAINT; Schema: public; Owner: neondb_owner
--

ALTER TABLE ONLY public.users
    ADD CONSTRAINT users_email_unique UNIQUE (email);


--
-- Name: users users_phone_unique; Type: CONSTRAINT; Schema: public; Owner: neondb_owner
--

ALTER TABLE ONLY public.users
    ADD CONSTRAINT users_phone_unique UNIQUE (phone);


--
-- Name: users users_pkey; Type: CONSTRAINT; Schema: public; Owner: neondb_owner
--

ALTER TABLE ONLY public.users
    ADD CONSTRAINT users_pkey PRIMARY KEY (id);


--
-- Name: vehicles vehicles_pkey; Type: CONSTRAINT; Schema: public; Owner: neondb_owner
--

ALTER TABLE ONLY public.vehicles
    ADD CONSTRAINT vehicles_pkey PRIMARY KEY (id);


--
-- Name: IDX_session_expire; Type: INDEX; Schema: public; Owner: neondb_owner
--

CREATE INDEX "IDX_session_expire" ON public.sessions USING btree (expire);


--
-- Name: auth_group_name_a6ea08ec_like; Type: INDEX; Schema: public; Owner: neondb_owner
--

CREATE INDEX auth_group_name_a6ea08ec_like ON public.auth_group USING btree (name varchar_pattern_ops);


--
-- Name: auth_group_permissions_group_id_b120cbf9; Type: INDEX; Schema: public; Owner: neondb_owner
--

CREATE INDEX auth_group_permissions_group_id_b120cbf9 ON public.auth_group_permissions USING btree (group_id);


--
-- Name: auth_group_permissions_permission_id_84c5c92e; Type: INDEX; Schema: public; Owner: neondb_owner
--

CREATE INDEX auth_group_permissions_permission_id_84c5c92e ON public.auth_group_permissions USING btree (permission_id);


--
-- Name: auth_permission_content_type_id_2f476e4b; Type: INDEX; Schema: public; Owner: neondb_owner
--

CREATE INDEX auth_permission_content_type_id_2f476e4b ON public.auth_permission USING btree (content_type_id);


--
-- Name: django_admin_log_content_type_id_c4bce8eb; Type: INDEX; Schema: public; Owner: neondb_owner
--

CREATE INDEX django_admin_log_content_type_id_c4bce8eb ON public.django_admin_log USING btree (content_type_id);


--
-- Name: django_admin_log_user_id_c564eba6; Type: INDEX; Schema: public; Owner: neondb_owner
--

CREATE INDEX django_admin_log_user_id_c564eba6 ON public.django_admin_log USING btree (user_id);


--
-- Name: django_session_expire_date_a5c62663; Type: INDEX; Schema: public; Owner: neondb_owner
--

CREATE INDEX django_session_expire_date_a5c62663 ON public.django_session USING btree (expire_date);


--
-- Name: django_session_session_key_c0390e0f_like; Type: INDEX; Schema: public; Owner: neondb_owner
--

CREATE INDEX django_session_session_key_c0390e0f_like ON public.django_session USING btree (session_key varchar_pattern_ops);


--
-- Name: fleet_driver_fleet_owner_id_d2d255cd; Type: INDEX; Schema: public; Owner: neondb_owner
--

CREATE INDEX fleet_driver_fleet_owner_id_d2d255cd ON public.fleet_driver USING btree (fleet_owner_id);


--
-- Name: fleet_expense_trip_id_f92021e7; Type: INDEX; Schema: public; Owner: neondb_owner
--

CREATE INDEX fleet_expense_trip_id_f92021e7 ON public.fleet_expense USING btree (trip_id);


--
-- Name: fleet_expense_user_id_21ac0f2f; Type: INDEX; Schema: public; Owner: neondb_owner
--

CREATE INDEX fleet_expense_user_id_21ac0f2f ON public.fleet_expense USING btree (user_id);


--
-- Name: fleet_jobapplication_driver_id_cada256c; Type: INDEX; Schema: public; Owner: neondb_owner
--

CREATE INDEX fleet_jobapplication_driver_id_cada256c ON public.fleet_jobapplication USING btree (driver_id);


--
-- Name: fleet_jobapplication_job_posting_id_cc3279ce; Type: INDEX; Schema: public; Owner: neondb_owner
--

CREATE INDEX fleet_jobapplication_job_posting_id_cc3279ce ON public.fleet_jobapplication USING btree (job_posting_id);


--
-- Name: fleet_notification_user_id_4b980503; Type: INDEX; Schema: public; Owner: neondb_owner
--

CREATE INDEX fleet_notification_user_id_4b980503 ON public.fleet_notification USING btree (user_id);


--
-- Name: fleet_paymentrequest_driver_id_4ab8689a; Type: INDEX; Schema: public; Owner: neondb_owner
--

CREATE INDEX fleet_paymentrequest_driver_id_4ab8689a ON public.fleet_paymentrequest USING btree (driver_id);


--
-- Name: fleet_paymentrequest_reviewed_by_id_6ca7e8c9; Type: INDEX; Schema: public; Owner: neondb_owner
--

CREATE INDEX fleet_paymentrequest_reviewed_by_id_6ca7e8c9 ON public.fleet_paymentrequest USING btree (reviewed_by_id);


--
-- Name: fleet_paymentrequest_trip_id_163d94ec; Type: INDEX; Schema: public; Owner: neondb_owner
--

CREATE INDEX fleet_paymentrequest_trip_id_163d94ec ON public.fleet_paymentrequest USING btree (trip_id);


--
-- Name: fleet_trip_driver_id_00784cc4; Type: INDEX; Schema: public; Owner: neondb_owner
--

CREATE INDEX fleet_trip_driver_id_00784cc4 ON public.fleet_trip USING btree (driver_id);


--
-- Name: fleet_trip_fleet_owner_id_56aa6d2f; Type: INDEX; Schema: public; Owner: neondb_owner
--

CREATE INDEX fleet_trip_fleet_owner_id_56aa6d2f ON public.fleet_trip USING btree (fleet_owner_id);


--
-- Name: fleet_trip_vehicle_id_dbd0de5a; Type: INDEX; Schema: public; Owner: neondb_owner
--

CREATE INDEX fleet_trip_vehicle_id_dbd0de5a ON public.fleet_trip USING btree (vehicle_id);


--
-- Name: fleet_user_email_098b345f_like; Type: INDEX; Schema: public; Owner: neondb_owner
--

CREATE INDEX fleet_user_email_098b345f_like ON public.fleet_user USING btree (email varchar_pattern_ops);


--
-- Name: fleet_user_groups_group_id_2219be2b; Type: INDEX; Schema: public; Owner: neondb_owner
--

CREATE INDEX fleet_user_groups_group_id_2219be2b ON public.fleet_user_groups USING btree (group_id);


--
-- Name: fleet_user_groups_user_id_eb0169eb; Type: INDEX; Schema: public; Owner: neondb_owner
--

CREATE INDEX fleet_user_groups_user_id_eb0169eb ON public.fleet_user_groups USING btree (user_id);


--
-- Name: fleet_user_user_permissions_permission_id_2352b102; Type: INDEX; Schema: public; Owner: neondb_owner
--

CREATE INDEX fleet_user_user_permissions_permission_id_2352b102 ON public.fleet_user_user_permissions USING btree (permission_id);


--
-- Name: fleet_user_user_permissions_user_id_7dc7f7f6; Type: INDEX; Schema: public; Owner: neondb_owner
--

CREATE INDEX fleet_user_user_permissions_user_id_7dc7f7f6 ON public.fleet_user_user_permissions USING btree (user_id);


--
-- Name: fleet_user_username_3e4ba160_like; Type: INDEX; Schema: public; Owner: neondb_owner
--

CREATE INDEX fleet_user_username_3e4ba160_like ON public.fleet_user USING btree (username varchar_pattern_ops);


--
-- Name: fleet_vehicle_fleet_owner_id_1c80d5ea; Type: INDEX; Schema: public; Owner: neondb_owner
--

CREATE INDEX fleet_vehicle_fleet_owner_id_1c80d5ea ON public.fleet_vehicle USING btree (fleet_owner_id);


--
-- Name: fleet_vehicle_vehicle_number_d37a87e7_like; Type: INDEX; Schema: public; Owner: neondb_owner
--

CREATE INDEX fleet_vehicle_vehicle_number_d37a87e7_like ON public.fleet_vehicle USING btree (vehicle_number varchar_pattern_ops);


--
-- Name: auth_group_permissions auth_group_permissio_permission_id_84c5c92e_fk_auth_perm; Type: FK CONSTRAINT; Schema: public; Owner: neondb_owner
--

ALTER TABLE ONLY public.auth_group_permissions
    ADD CONSTRAINT auth_group_permissio_permission_id_84c5c92e_fk_auth_perm FOREIGN KEY (permission_id) REFERENCES public.auth_permission(id) DEFERRABLE INITIALLY DEFERRED;


--
-- Name: auth_group_permissions auth_group_permissions_group_id_b120cbf9_fk_auth_group_id; Type: FK CONSTRAINT; Schema: public; Owner: neondb_owner
--

ALTER TABLE ONLY public.auth_group_permissions
    ADD CONSTRAINT auth_group_permissions_group_id_b120cbf9_fk_auth_group_id FOREIGN KEY (group_id) REFERENCES public.auth_group(id) DEFERRABLE INITIALLY DEFERRED;


--
-- Name: auth_permission auth_permission_content_type_id_2f476e4b_fk_django_co; Type: FK CONSTRAINT; Schema: public; Owner: neondb_owner
--

ALTER TABLE ONLY public.auth_permission
    ADD CONSTRAINT auth_permission_content_type_id_2f476e4b_fk_django_co FOREIGN KEY (content_type_id) REFERENCES public.django_content_type(id) DEFERRABLE INITIALLY DEFERRED;


--
-- Name: django_admin_log django_admin_log_content_type_id_c4bce8eb_fk_django_co; Type: FK CONSTRAINT; Schema: public; Owner: neondb_owner
--

ALTER TABLE ONLY public.django_admin_log
    ADD CONSTRAINT django_admin_log_content_type_id_c4bce8eb_fk_django_co FOREIGN KEY (content_type_id) REFERENCES public.django_content_type(id) DEFERRABLE INITIALLY DEFERRED;


--
-- Name: django_admin_log django_admin_log_user_id_c564eba6_fk_fleet_user_id; Type: FK CONSTRAINT; Schema: public; Owner: neondb_owner
--

ALTER TABLE ONLY public.django_admin_log
    ADD CONSTRAINT django_admin_log_user_id_c564eba6_fk_fleet_user_id FOREIGN KEY (user_id) REFERENCES public.fleet_user(id) DEFERRABLE INITIALLY DEFERRED;


--
-- Name: drivers drivers_fleet_owner_id_fleet_owners_id_fk; Type: FK CONSTRAINT; Schema: public; Owner: neondb_owner
--

ALTER TABLE ONLY public.drivers
    ADD CONSTRAINT drivers_fleet_owner_id_fleet_owners_id_fk FOREIGN KEY (fleet_owner_id) REFERENCES public.fleet_owners(id);


--
-- Name: drivers drivers_user_id_users_id_fk; Type: FK CONSTRAINT; Schema: public; Owner: neondb_owner
--

ALTER TABLE ONLY public.drivers
    ADD CONSTRAINT drivers_user_id_users_id_fk FOREIGN KEY (user_id) REFERENCES public.users(id);


--
-- Name: expenses expenses_driver_id_drivers_id_fk; Type: FK CONSTRAINT; Schema: public; Owner: neondb_owner
--

ALTER TABLE ONLY public.expenses
    ADD CONSTRAINT expenses_driver_id_drivers_id_fk FOREIGN KEY (driver_id) REFERENCES public.drivers(id);


--
-- Name: expenses expenses_trip_id_trips_id_fk; Type: FK CONSTRAINT; Schema: public; Owner: neondb_owner
--

ALTER TABLE ONLY public.expenses
    ADD CONSTRAINT expenses_trip_id_trips_id_fk FOREIGN KEY (trip_id) REFERENCES public.trips(id);


--
-- Name: fleet_driver fleet_driver_fleet_owner_id_d2d255cd_fk_fleet_fleetowner_id; Type: FK CONSTRAINT; Schema: public; Owner: neondb_owner
--

ALTER TABLE ONLY public.fleet_driver
    ADD CONSTRAINT fleet_driver_fleet_owner_id_d2d255cd_fk_fleet_fleetowner_id FOREIGN KEY (fleet_owner_id) REFERENCES public.fleet_fleetowner(id) DEFERRABLE INITIALLY DEFERRED;


--
-- Name: fleet_driver fleet_driver_user_id_cee1be24_fk_fleet_user_id; Type: FK CONSTRAINT; Schema: public; Owner: neondb_owner
--

ALTER TABLE ONLY public.fleet_driver
    ADD CONSTRAINT fleet_driver_user_id_cee1be24_fk_fleet_user_id FOREIGN KEY (user_id) REFERENCES public.fleet_user(id) DEFERRABLE INITIALLY DEFERRED;


--
-- Name: fleet_expense fleet_expense_trip_id_f92021e7_fk_fleet_trip_id; Type: FK CONSTRAINT; Schema: public; Owner: neondb_owner
--

ALTER TABLE ONLY public.fleet_expense
    ADD CONSTRAINT fleet_expense_trip_id_f92021e7_fk_fleet_trip_id FOREIGN KEY (trip_id) REFERENCES public.fleet_trip(id) DEFERRABLE INITIALLY DEFERRED;


--
-- Name: fleet_expense fleet_expense_user_id_21ac0f2f_fk_fleet_user_id; Type: FK CONSTRAINT; Schema: public; Owner: neondb_owner
--

ALTER TABLE ONLY public.fleet_expense
    ADD CONSTRAINT fleet_expense_user_id_21ac0f2f_fk_fleet_user_id FOREIGN KEY (user_id) REFERENCES public.fleet_user(id) DEFERRABLE INITIALLY DEFERRED;


--
-- Name: fleet_fleetowner fleet_fleetowner_user_id_33668dd6_fk_fleet_user_id; Type: FK CONSTRAINT; Schema: public; Owner: neondb_owner
--

ALTER TABLE ONLY public.fleet_fleetowner
    ADD CONSTRAINT fleet_fleetowner_user_id_33668dd6_fk_fleet_user_id FOREIGN KEY (user_id) REFERENCES public.fleet_user(id) DEFERRABLE INITIALLY DEFERRED;


--
-- Name: fleet_jobapplication fleet_jobapplication_driver_id_cada256c_fk_fleet_driver_id; Type: FK CONSTRAINT; Schema: public; Owner: neondb_owner
--

ALTER TABLE ONLY public.fleet_jobapplication
    ADD CONSTRAINT fleet_jobapplication_driver_id_cada256c_fk_fleet_driver_id FOREIGN KEY (driver_id) REFERENCES public.fleet_driver(id) DEFERRABLE INITIALLY DEFERRED;


--
-- Name: fleet_jobposting fleet_jobposting_fleet_owner_id_fkey; Type: FK CONSTRAINT; Schema: public; Owner: neondb_owner
--

ALTER TABLE ONLY public.fleet_jobposting
    ADD CONSTRAINT fleet_jobposting_fleet_owner_id_fkey FOREIGN KEY (fleet_owner_id) REFERENCES public.fleet_fleetowner(id);


--
-- Name: fleet_notification fleet_notification_user_id_4b980503_fk_fleet_user_id; Type: FK CONSTRAINT; Schema: public; Owner: neondb_owner
--

ALTER TABLE ONLY public.fleet_notification
    ADD CONSTRAINT fleet_notification_user_id_4b980503_fk_fleet_user_id FOREIGN KEY (user_id) REFERENCES public.fleet_user(id) DEFERRABLE INITIALLY DEFERRED;


--
-- Name: fleet_owners fleet_owners_user_id_users_id_fk; Type: FK CONSTRAINT; Schema: public; Owner: neondb_owner
--

ALTER TABLE ONLY public.fleet_owners
    ADD CONSTRAINT fleet_owners_user_id_users_id_fk FOREIGN KEY (user_id) REFERENCES public.users(id);


--
-- Name: fleet_paymentrequest fleet_paymentrequest_driver_id_4ab8689a_fk_fleet_driver_id; Type: FK CONSTRAINT; Schema: public; Owner: neondb_owner
--

ALTER TABLE ONLY public.fleet_paymentrequest
    ADD CONSTRAINT fleet_paymentrequest_driver_id_4ab8689a_fk_fleet_driver_id FOREIGN KEY (driver_id) REFERENCES public.fleet_driver(id) DEFERRABLE INITIALLY DEFERRED;


--
-- Name: fleet_paymentrequest fleet_paymentrequest_reviewed_by_id_6ca7e8c9_fk_fleet_user_id; Type: FK CONSTRAINT; Schema: public; Owner: neondb_owner
--

ALTER TABLE ONLY public.fleet_paymentrequest
    ADD CONSTRAINT fleet_paymentrequest_reviewed_by_id_6ca7e8c9_fk_fleet_user_id FOREIGN KEY (reviewed_by_id) REFERENCES public.fleet_user(id) DEFERRABLE INITIALLY DEFERRED;


--
-- Name: fleet_paymentrequest fleet_paymentrequest_trip_id_163d94ec_fk_fleet_trip_id; Type: FK CONSTRAINT; Schema: public; Owner: neondb_owner
--

ALTER TABLE ONLY public.fleet_paymentrequest
    ADD CONSTRAINT fleet_paymentrequest_trip_id_163d94ec_fk_fleet_trip_id FOREIGN KEY (trip_id) REFERENCES public.fleet_trip(id) DEFERRABLE INITIALLY DEFERRED;


--
-- Name: fleet_trip fleet_trip_driver_id_00784cc4_fk_fleet_driver_id; Type: FK CONSTRAINT; Schema: public; Owner: neondb_owner
--

ALTER TABLE ONLY public.fleet_trip
    ADD CONSTRAINT fleet_trip_driver_id_00784cc4_fk_fleet_driver_id FOREIGN KEY (driver_id) REFERENCES public.fleet_driver(id) DEFERRABLE INITIALLY DEFERRED;


--
-- Name: fleet_trip fleet_trip_fleet_owner_id_56aa6d2f_fk_fleet_fleetowner_id; Type: FK CONSTRAINT; Schema: public; Owner: neondb_owner
--

ALTER TABLE ONLY public.fleet_trip
    ADD CONSTRAINT fleet_trip_fleet_owner_id_56aa6d2f_fk_fleet_fleetowner_id FOREIGN KEY (fleet_owner_id) REFERENCES public.fleet_fleetowner(id) DEFERRABLE INITIALLY DEFERRED;


--
-- Name: fleet_trip fleet_trip_vehicle_id_dbd0de5a_fk_fleet_vehicle_id; Type: FK CONSTRAINT; Schema: public; Owner: neondb_owner
--

ALTER TABLE ONLY public.fleet_trip
    ADD CONSTRAINT fleet_trip_vehicle_id_dbd0de5a_fk_fleet_vehicle_id FOREIGN KEY (vehicle_id) REFERENCES public.fleet_vehicle(id) DEFERRABLE INITIALLY DEFERRED;


--
-- Name: fleet_user_groups fleet_user_groups_group_id_2219be2b_fk_auth_group_id; Type: FK CONSTRAINT; Schema: public; Owner: neondb_owner
--

ALTER TABLE ONLY public.fleet_user_groups
    ADD CONSTRAINT fleet_user_groups_group_id_2219be2b_fk_auth_group_id FOREIGN KEY (group_id) REFERENCES public.auth_group(id) DEFERRABLE INITIALLY DEFERRED;


--
-- Name: fleet_user_groups fleet_user_groups_user_id_eb0169eb_fk_fleet_user_id; Type: FK CONSTRAINT; Schema: public; Owner: neondb_owner
--

ALTER TABLE ONLY public.fleet_user_groups
    ADD CONSTRAINT fleet_user_groups_user_id_eb0169eb_fk_fleet_user_id FOREIGN KEY (user_id) REFERENCES public.fleet_user(id) DEFERRABLE INITIALLY DEFERRED;


--
-- Name: fleet_user_user_permissions fleet_user_user_perm_permission_id_2352b102_fk_auth_perm; Type: FK CONSTRAINT; Schema: public; Owner: neondb_owner
--

ALTER TABLE ONLY public.fleet_user_user_permissions
    ADD CONSTRAINT fleet_user_user_perm_permission_id_2352b102_fk_auth_perm FOREIGN KEY (permission_id) REFERENCES public.auth_permission(id) DEFERRABLE INITIALLY DEFERRED;


--
-- Name: fleet_user_user_permissions fleet_user_user_permissions_user_id_7dc7f7f6_fk_fleet_user_id; Type: FK CONSTRAINT; Schema: public; Owner: neondb_owner
--

ALTER TABLE ONLY public.fleet_user_user_permissions
    ADD CONSTRAINT fleet_user_user_permissions_user_id_7dc7f7f6_fk_fleet_user_id FOREIGN KEY (user_id) REFERENCES public.fleet_user(id) DEFERRABLE INITIALLY DEFERRED;


--
-- Name: fleet_vehicle fleet_vehicle_fleet_owner_id_1c80d5ea_fk_fleet_fleetowner_id; Type: FK CONSTRAINT; Schema: public; Owner: neondb_owner
--

ALTER TABLE ONLY public.fleet_vehicle
    ADD CONSTRAINT fleet_vehicle_fleet_owner_id_1c80d5ea_fk_fleet_fleetowner_id FOREIGN KEY (fleet_owner_id) REFERENCES public.fleet_fleetowner(id) DEFERRABLE INITIALLY DEFERRED;


--
-- Name: job_applications job_applications_driver_id_drivers_id_fk; Type: FK CONSTRAINT; Schema: public; Owner: neondb_owner
--

ALTER TABLE ONLY public.job_applications
    ADD CONSTRAINT job_applications_driver_id_drivers_id_fk FOREIGN KEY (driver_id) REFERENCES public.drivers(id);


--
-- Name: job_applications job_applications_job_id_job_postings_id_fk; Type: FK CONSTRAINT; Schema: public; Owner: neondb_owner
--

ALTER TABLE ONLY public.job_applications
    ADD CONSTRAINT job_applications_job_id_job_postings_id_fk FOREIGN KEY (job_id) REFERENCES public.job_postings(id);


--
-- Name: job_postings job_postings_fleet_owner_id_fleet_owners_id_fk; Type: FK CONSTRAINT; Schema: public; Owner: neondb_owner
--

ALTER TABLE ONLY public.job_postings
    ADD CONSTRAINT job_postings_fleet_owner_id_fleet_owners_id_fk FOREIGN KEY (fleet_owner_id) REFERENCES public.fleet_owners(id);


--
-- Name: notifications notifications_user_id_users_id_fk; Type: FK CONSTRAINT; Schema: public; Owner: neondb_owner
--

ALTER TABLE ONLY public.notifications
    ADD CONSTRAINT notifications_user_id_users_id_fk FOREIGN KEY (user_id) REFERENCES public.users(id);


--
-- Name: payment_requests payment_requests_driver_id_drivers_id_fk; Type: FK CONSTRAINT; Schema: public; Owner: neondb_owner
--

ALTER TABLE ONLY public.payment_requests
    ADD CONSTRAINT payment_requests_driver_id_drivers_id_fk FOREIGN KEY (driver_id) REFERENCES public.drivers(id);


--
-- Name: payment_requests payment_requests_reviewed_by_users_id_fk; Type: FK CONSTRAINT; Schema: public; Owner: neondb_owner
--

ALTER TABLE ONLY public.payment_requests
    ADD CONSTRAINT payment_requests_reviewed_by_users_id_fk FOREIGN KEY (reviewed_by) REFERENCES public.users(id);


--
-- Name: payment_requests payment_requests_trip_id_trips_id_fk; Type: FK CONSTRAINT; Schema: public; Owner: neondb_owner
--

ALTER TABLE ONLY public.payment_requests
    ADD CONSTRAINT payment_requests_trip_id_trips_id_fk FOREIGN KEY (trip_id) REFERENCES public.trips(id);


--
-- Name: trips trips_driver_id_drivers_id_fk; Type: FK CONSTRAINT; Schema: public; Owner: neondb_owner
--

ALTER TABLE ONLY public.trips
    ADD CONSTRAINT trips_driver_id_drivers_id_fk FOREIGN KEY (driver_id) REFERENCES public.drivers(id);


--
-- Name: trips trips_fleet_owner_id_fleet_owners_id_fk; Type: FK CONSTRAINT; Schema: public; Owner: neondb_owner
--

ALTER TABLE ONLY public.trips
    ADD CONSTRAINT trips_fleet_owner_id_fleet_owners_id_fk FOREIGN KEY (fleet_owner_id) REFERENCES public.fleet_owners(id);


--
-- Name: trips trips_vehicle_id_vehicles_id_fk; Type: FK CONSTRAINT; Schema: public; Owner: neondb_owner
--

ALTER TABLE ONLY public.trips
    ADD CONSTRAINT trips_vehicle_id_vehicles_id_fk FOREIGN KEY (vehicle_id) REFERENCES public.vehicles(id);


--
-- Name: vehicles vehicles_driver_id_drivers_id_fk; Type: FK CONSTRAINT; Schema: public; Owner: neondb_owner
--

ALTER TABLE ONLY public.vehicles
    ADD CONSTRAINT vehicles_driver_id_drivers_id_fk FOREIGN KEY (driver_id) REFERENCES public.drivers(id);


--
-- Name: vehicles vehicles_fleet_owner_id_fleet_owners_id_fk; Type: FK CONSTRAINT; Schema: public; Owner: neondb_owner
--

ALTER TABLE ONLY public.vehicles
    ADD CONSTRAINT vehicles_fleet_owner_id_fleet_owners_id_fk FOREIGN KEY (fleet_owner_id) REFERENCES public.fleet_owners(id);


--
-- Name: DEFAULT PRIVILEGES FOR SEQUENCES; Type: DEFAULT ACL; Schema: public; Owner: cloud_admin
--

ALTER DEFAULT PRIVILEGES FOR ROLE cloud_admin IN SCHEMA public GRANT ALL ON SEQUENCES TO neon_superuser WITH GRANT OPTION;


--
-- Name: DEFAULT PRIVILEGES FOR TABLES; Type: DEFAULT ACL; Schema: public; Owner: cloud_admin
--

ALTER DEFAULT PRIVILEGES FOR ROLE cloud_admin IN SCHEMA public GRANT ALL ON TABLES TO neon_superuser WITH GRANT OPTION;


--
-- PostgreSQL database dump complete
--

